状态,去程出发城市,目的城市,返程到达城市,去程出发日期,返程出发日期,行程天数,总价,去程最低价,返程最低价,去程返回日期数,返程返回日期数,价格说明
成功,兰州,乌鲁木齐,兰州,2026-06-06,2026-06-16,10,1397,777,620,177,134,lowestPrice API 两段单程低价相加
成功,成都,乌鲁木齐,成都,2026-06-07,2026-06-17,10,1480,770,710,172,130,lowestPrice API 两段单程低价相加
成功,兰州,乌鲁木齐,兰州,2026-06-04,2026-06-14,10,1497,747,750,177,134,lowestPrice API 两段单程低价相加
成功,兰州,乌鲁木齐,兰州,2026-06-07,2026-06-17,10,1537,837,700,177,134,lowestPrice API 两段单程低价相加
成功,兰州,乌鲁木齐,兰州,2026-06-08,2026-06-18,10,1544,924,620,177,134,lowestPrice API 两段单程低价相加
成功,兰州,乌鲁木齐,兰州,2026-06-13,2026-06-23,10,1570,920,650,177,134,lowestPrice API 两段单程低价相加
成功,银川,乌鲁木齐,银川,2026-06-04,2026-06-14,10,1570,750,820,67,65,lowestPrice API 两段单程低价相加
成功,兰州,乌鲁木齐,兰州,2026-06-03,2026-06-13,10,1570,950,620,177,134,lowestPrice API 两段单程低价相加
成功,兰州,乌鲁木齐,兰州,2026-06-15,2026-06-25,10,1600,950,650,177,134,lowestPrice API 两段单程低价相加
成功,兰州,乌鲁木齐,兰州,2026-06-02,2026-06-12,10,1600,920,680,177,134,lowestPrice API 两段单程低价相加
成功,兰州,乌鲁木齐,兰州,2026-06-10,2026-06-20,10,1620,1000,620,177,134,lowestPrice API 两段单程低价相加
成功,兰州,乌鲁木齐,兰州,2026-06-20,2026-06-30,10,1620,850,770,177,134,lowestPrice API 两段单程低价相加
成功,兰州,乌鲁木齐,兰州,2026-06-01,2026-06-11,10,1620,1000,620,177,134,lowestPrice API 两段单程低价相加
成功,西安,乌鲁木齐,西安,2026-06-02,2026-06-12,10,1630,940,690,179,133,lowestPrice API 两段单程低价相加
成功,兰州,乌鲁木齐,兰州,2026-06-09,2026-06-19,10,1630,820,810,177,134,lowestPrice API 两段单程低价相加
成功,兰州,乌鲁木齐,兰州,2026-06-11,2026-06-21,10,1660,820,840,177,134,lowestPrice API 两段单程低价相加
成功,西宁,乌鲁木齐,西宁,2026-06-03,2026-06-13,10,1665,820,845,52,51,lowestPrice API 两段单程低价相加
成功,西宁,乌鲁木齐,西宁,2026-06-05,2026-06-15,10,1670,820,850,52,51,lowestPrice API 两段单程低价相加
成功,银川,乌鲁木齐,银川,2026-06-26,2026-07-06,10,1670,870,800,67,65,lowestPrice API 两段单程低价相加
成功,西宁,乌鲁木齐,西宁,2026-06-06,2026-06-16,10,1670,820,850,52,51,lowestPrice API 两段单程低价相加
成功,西宁,乌鲁木齐,西宁,2026-06-07,2026-06-17,10,1670,820,850,52,51,lowestPrice API 两段单程低价相加
成功,西宁,乌鲁木齐,西宁,2026-06-04,2026-06-14,10,1680,820,860,52,51,lowestPrice API 两段单程低价相加
成功,兰州,乌鲁木齐,兰州,2026-06-05,2026-06-15,10,1717,1000,717,177,134,lowestPrice API 两段单程低价相加
成功,兰州,乌鲁木齐,兰州,2026-06-30,2026-07-10,10,1730,850,880,177,134,lowestPrice API 两段单程低价相加
成功,兰州,乌鲁木齐,兰州,2026-06-21,2026-07-01,10,1730,850,880,177,134,lowestPrice API 两段单程低价相加
成功,兰州,乌鲁木齐,兰州,2026-06-26,2026-07-06,10,1730,850,880,177,134,lowestPrice API 两段单程低价相加
成功,兰州,乌鲁木齐,兰州,2026-06-23,2026-07-03,10,1730,850,880,177,134,lowestPrice API 两段单程低价相加
成功,兰州,乌鲁木齐,兰州,2026-06-22,2026-07-02,10,1730,850,880,177,134,lowestPrice API 两段单程低价相加
成功,兰州,乌鲁木齐,兰州,2026-06-14,2026-06-24,10,1737,997,740,177,134,lowestPrice API 两段单程低价相加
成功,银川,乌鲁木齐,银川,2026-06-02,2026-06-12,10,1740,920,820,67,65,lowestPrice API 两段单程低价相加
成功,西安,乌鲁木齐,西安,2026-06-09,2026-06-19,10,1740,940,800,179,133,lowestPrice API 两段单程低价相加
成功,西宁,乌鲁木齐,西宁,2026-06-02,2026-06-12,10,1745,900,845,52,51,lowestPrice API 两段单程低价相加
成功,西宁,乌鲁木齐,西宁,2026-06-01,2026-06-11,10,1750,900,850,52,51,lowestPrice API 两段单程低价相加
成功,西宁,乌鲁木齐,西宁,2026-06-20,2026-06-30,10,1750,750,1000,52,51,lowestPrice API 两段单程低价相加
成功,兰州,乌鲁木齐,兰州,2026-06-29,2026-07-09,10,1780,900,880,177,134,lowestPrice API 两段单程低价相加
成功,兰州,乌鲁木齐,兰州,2026-06-28,2026-07-08,10,1780,900,880,177,134,lowestPrice API 两段单程低价相加
成功,兰州,乌鲁木齐,兰州,2026-06-27,2026-07-07,10,1780,900,880,177,134,lowestPrice API 两段单程低价相加
成功,西安,乌鲁木齐,西安,2026-06-05,2026-06-15,10,1780,1090,690,179,133,lowestPrice API 两段单程低价相加
成功,西安,乌鲁木齐,西安,2026-06-12,2026-06-22,10,1787,1097,690,179,133,lowestPrice API 两段单程低价相加
成功,西安,乌鲁木齐,西安,2026-06-14,2026-06-24,10,1787,1097,690,179,133,lowestPrice API 两段单程低价相加
成功,成都,乌鲁木齐,成都,2026-06-06,2026-06-16,10,1790,820,970,172,130,lowestPrice API 两段单程低价相加
成功,银川,乌鲁木齐,银川,2026-06-08,2026-06-18,10,1790,990,800,67,65,lowestPrice API 两段单程低价相加
成功,西安,乌鲁木齐,西安,2026-06-16,2026-06-26,10,1790,940,850,179,133,lowestPrice API 两段单程低价相加
成功,兰州,乌鲁木齐,兰州,2026-06-17,2026-06-27,10,1790,950,840,177,134,lowestPrice API 两段单程低价相加
成功,西宁,乌鲁木齐,西宁,2026-06-15,2026-06-25,10,1800,800,1000,52,51,lowestPrice API 两段单程低价相加
成功,西宁,乌鲁木齐,西宁,2026-06-14,2026-06-24,10,1800,800,1000,52,51,lowestPrice API 两段单程低价相加
成功,银川,乌鲁木齐,银川,2026-06-27,2026-07-07,10,1809,1009,800,67,65,lowestPrice API 两段单程低价相加
成功,银川,乌鲁木齐,银川,2026-06-09,2026-06-19,10,1810,990,820,67,65,lowestPrice API 两段单程低价相加
成功,兰州,乌鲁木齐,兰州,2026-06-25,2026-07-05,10,1810,860,950,177,134,lowestPrice API 两段单程低价相加
成功,银川,乌鲁木齐,银川,2026-06-07,2026-06-17,10,1810,990,820,67,65,lowestPrice API 两段单程低价相加
成功,西宁,乌鲁木齐,西宁,2026-06-10,2026-06-20,10,1820,820,1000,52,51,lowestPrice API 两段单程低价相加
成功,西宁,乌鲁木齐,西宁,2026-06-08,2026-06-18,10,1820,820,1000,52,51,lowestPrice API 两段单程低价相加
成功,银川,乌鲁木齐,银川,2026-06-06,2026-06-16,10,1830,1030,800,67,65,lowestPrice API 两段单程低价相加
成功,西宁,乌鲁木齐,西宁,2026-06-23,2026-07-03,10,1840,800,1040,52,51,lowestPrice API 两段单程低价相加
成功,西宁,乌鲁木齐,西宁,2026-06-17,2026-06-27,10,1850,850,1000,52,51,lowestPrice API 两段单程低价相加
成功,西宁,乌鲁木齐,西宁,2026-06-11,2026-06-21,10,1850,850,1000,52,51,lowestPrice API 两段单程低价相加
成功,银川,乌鲁木齐,银川,2026-06-14,2026-06-24,10,1860,1040,820,67,65,lowestPrice API 两段单程低价相加
成功,兰州,乌鲁木齐,兰州,2026-06-18,2026-06-28,10,1870,920,950,177,134,lowestPrice API 两段单程低价相加
成功,西安,乌鲁木齐,西安,2026-06-04,2026-06-14,10,1880,870,1010,179,133,lowestPrice API 两段单程低价相加
成功,兰州,乌鲁木齐,兰州,2026-06-12,2026-06-22,10,1880,1000,880,177,134,lowestPrice API 两段单程低价相加
成功,银川,乌鲁木齐,银川,2026-06-28,2026-07-08,10,1889,1009,880,67,65,lowestPrice API 两段单程低价相加
成功,西宁,乌鲁木齐,西宁,2026-06-18,2026-06-28,10,1890,890,1000,52,51,lowestPrice API 两段单程低价相加
成功,西宁,乌鲁木齐,西宁,2026-06-25,2026-07-05,10,1890,850,1040,52,51,lowestPrice API 两段单程低价相加
成功,成都,乌鲁木齐,成都,2026-06-10,2026-06-20,10,1890,1190,700,172,130,lowestPrice API 两段单程低价相加
成功,银川,乌鲁木齐,银川,2026-06-20,2026-06-30,10,1910,1000,910,67,65,lowestPrice API 两段单程低价相加
成功,西安,乌鲁木齐,西安,2026-06-29,2026-07-09,10,1920,1010,910,179,133,lowestPrice API 两段单程低价相加
成功,西安,乌鲁木齐,西安,2026-06-26,2026-07-06,10,1930,1020,910,179,133,lowestPrice API 两段单程低价相加
成功,银川,乌鲁木齐,银川,2026-06-18,2026-06-28,10,1949,940,1009,67,65,lowestPrice API 两段单程低价相加
成功,银川,乌鲁木齐,银川,2026-06-16,2026-06-26,10,1949,940,1009,67,65,lowestPrice API 两段单程低价相加
成功,银川,乌鲁木齐,银川,2026-06-01,2026-06-11,10,1960,1160,800,67,65,lowestPrice API 两段单程低价相加
成功,兰州,乌鲁木齐,兰州,2026-06-19,2026-06-29,10,1960,1000,960,177,134,lowestPrice API 两段单程低价相加
成功,郑州,乌鲁木齐,郑州,2026-06-04,2026-06-14,10,1960,1130,830,94,86,lowestPrice API 两段单程低价相加
成功,成都,乌鲁木齐,成都,2026-06-16,2026-06-26,10,1960,1260,700,172,130,lowestPrice API 两段单程低价相加
成功,成都,乌鲁木齐,成都,2026-06-02,2026-06-12,10,1980,1120,860,172,130,lowestPrice API 两段单程低价相加
成功,西安,乌鲁木齐,西安,2026-06-06,2026-06-16,10,1980,1000,980,179,133,lowestPrice API 两段单程低价相加
成功,重庆,乌鲁木齐,重庆,2026-06-14,2026-06-24,10,1980,990,990,108,101,lowestPrice API 两段单程低价相加
成功,银川,乌鲁木齐,银川,2026-06-12,2026-06-22,10,1980,1160,820,67,65,lowestPrice API 两段单程低价相加
成功,西安,乌鲁木齐,西安,2026-06-28,2026-07-08,10,2000,1090,910,179,133,lowestPrice API 两段单程低价相加
成功,银川,乌鲁木齐,银川,2026-06-11,2026-06-21,10,2009,1000,1009,67,65,lowestPrice API 两段单程低价相加
成功,太原,乌鲁木齐,太原,2026-06-20,2026-06-30,10,2010,900,1110,64,60,lowestPrice API 两段单程低价相加
成功,西安,乌鲁木齐,西安,2026-06-07,2026-06-17,10,2019,1039,980,179,133,lowestPrice API 两段单程低价相加
成功,西安,乌鲁木齐,西安,2026-06-24,2026-07-04,10,2020,1110,910,179,133,lowestPrice API 两段单程低价相加
成功,成都,乌鲁木齐,成都,2026-06-04,2026-06-14,10,2030,1150,880,172,130,lowestPrice API 两段单程低价相加
成功,绵阳,乌鲁木齐,绵阳,2026-06-13,2026-06-23,10,2030,1150,880,46,50,lowestPrice API 两段单程低价相加
成功,西安,乌鲁木齐,西安,2026-06-20,2026-06-30,10,2030,1130,900,179,133,lowestPrice API 两段单程低价相加
成功,西安,乌鲁木齐,西安,2026-06-03,2026-06-13,10,2040,1140,900,179,133,lowestPrice API 两段单程低价相加
成功,西安,乌鲁木齐,西安,2026-06-23,2026-07-03,10,2040,1130,910,179,133,lowestPrice API 两段单程低价相加
成功,长沙,乌鲁木齐,长沙,2026-06-16,2026-06-26,10,2040,1330,710,62,71,lowestPrice API 两段单程低价相加
成功,西安,乌鲁木齐,西安,2026-06-25,2026-07-05,10,2040,1130,910,179,133,lowestPrice API 两段单程低价相加
成功,西安,乌鲁木齐,西安,2026-06-27,2026-07-07,10,2040,1130,910,179,133,lowestPrice API 两段单程低价相加
成功,西安,乌鲁木齐,西安,2026-06-30,2026-07-10,10,2040,1130,910,179,133,lowestPrice API 两段单程低价相加
成功,西安,乌鲁木齐,西安,2026-06-21,2026-07-01,10,2050,1140,910,179,133,lowestPrice API 两段单程低价相加
成功,重庆,乌鲁木齐,重庆,2026-06-05,2026-06-15,10,2050,1060,990,108,101,lowestPrice API 两段单程低价相加
成功,绵阳,乌鲁木齐,绵阳,2026-06-02,2026-06-12,10,2060,1060,1000,46,50,lowestPrice API 两段单程低价相加
成功,绵阳,乌鲁木齐,绵阳,2026-06-06,2026-06-16,10,2060,1150,910,46,50,lowestPrice API 两段单程低价相加
成功,西安,乌鲁木齐,西安,2026-06-22,2026-07-02,10,2060,1150,910,179,133,lowestPrice API 两段单程低价相加
成功,长沙,乌鲁木齐,长沙,2026-06-14,2026-06-24,10,2070,900,1170,62,71,lowestPrice API 两段单程低价相加
成功,银川,乌鲁木齐,银川,2026-06-15,2026-06-25,10,2070,1160,910,67,65,lowestPrice API 两段单程低价相加
成功,重庆,乌鲁木齐,重庆,2026-06-07,2026-06-17,10,2070,1060,1010,108,101,lowestPrice API 两段单程低价相加
成功,成都,乌鲁木齐,成都,2026-06-03,2026-06-13,10,2070,1120,950,172,130,lowestPrice API 两段单程低价相加
成功,西安,乌鲁木齐,西安,2026-06-15,2026-06-25,10,2090,1190,900,179,133,lowestPrice API 两段单程低价相加
成功,成都,乌鲁木齐,成都,2026-06-23,2026-07-03,10,2090,1120,970,172,130,lowestPrice API 两段单程低价相加
成功,成都,乌鲁木齐,成都,2026-06-25,2026-07-05,10,2090,1120,970,172,130,lowestPrice API 两段单程低价相加
成功,西安,乌鲁木齐,西安,2026-06-10,2026-06-20,10,2099,1090,1009,179,133,lowestPrice API 两段单程低价相加
成功,银川,乌鲁木齐,银川,2026-06-13,2026-06-23,10,2110,1160,950,67,65,lowestPrice API 两段单程低价相加
成功,西安,乌鲁木齐,西安,2026-06-08,2026-06-18,10,2117,1097,1020,179,133,lowestPrice API 两段单程低价相加
成功,呼和浩特,乌鲁木齐,呼和浩特,2026-06-03,2026-06-13,10,2125,990,1135,63,61,lowestPrice API 两段单程低价相加
成功,西宁,乌鲁木齐,西宁,2026-06-30,2026-07-10,10,2130,1090,1040,52,51,lowestPrice API 两段单程低价相加
成功,郑州,乌鲁木齐,郑州,2026-06-01,2026-06-11,10,2130,1250,880,94,86,lowestPrice API 两段单程低价相加
成功,银川,乌鲁木齐,银川,2026-06-10,2026-06-20,10,2135,1225,910,67,65,lowestPrice API 两段单程低价相加
成功,成都,乌鲁木齐,成都,2026-06-08,2026-06-18,10,2140,1120,1020,172,130,lowestPrice API 两段单程低价相加
成功,西安,乌鲁木齐,西安,2026-06-18,2026-06-28,10,2150,1060,1090,179,133,lowestPrice API 两段单程低价相加
成功,成都,乌鲁木齐,成都,2026-06-27,2026-07-07,10,2166,1196,970,172,130,lowestPrice API 两段单程低价相加
成功,石家庄,乌鲁木齐,石家庄,2026-06-09,2026-06-19,10,2167,1090,1077,178,130,lowestPrice API 两段单程低价相加
成功,成都,乌鲁木齐,成都,2026-06-17,2026-06-27,10,2167,1170,997,172,130,lowestPrice API 两段单程低价相加
成功,成都,乌鲁木齐,成都,2026-06-26,2026-07-06,10,2170,1200,970,172,130,lowestPrice API 两段单程低价相加
成功,成都,乌鲁木齐,成都,2026-06-29,2026-07-09,10,2170,1200,970,172,130,lowestPrice API 两段单程低价相加
成功,成都,乌鲁木齐,成都,2026-06-24,2026-07-04,10,2170,1200,970,172,130,lowestPrice API 两段单程低价相加
成功,成都,乌鲁木齐,成都,2026-06-30,2026-07-10,10,2170,1200,970,172,130,lowestPrice API 两段单程低价相加
成功,成都,乌鲁木齐,成都,2026-06-20,2026-06-30,10,2170,1200,970,172,130,lowestPrice API 两段单程低价相加
成功,成都,乌鲁木齐,成都,2026-06-28,2026-07-08,10,2170,1200,970,172,130,lowestPrice API 两段单程低价相加
成功,武汉,乌鲁木齐,武汉,2026-06-27,2026-07-07,10,2180,760,1420,81,75,lowestPrice API 两段单程低价相加
成功,重庆,乌鲁木齐,重庆,2026-06-02,2026-06-12,10,2180,1220,960,108,101,lowestPrice API 两段单程低价相加
成功,绵阳,乌鲁木齐,绵阳,2026-06-01,2026-06-11,10,2180,1350,830,46,50,lowestPrice API 两段单程低价相加
成功,绵阳,乌鲁木齐,绵阳,2026-06-03,2026-06-13,10,2180,1350,830,46,50,lowestPrice API 两段单程低价相加
成功,成都,乌鲁木齐,成都,2026-06-19,2026-06-29,10,2187,1190,997,172,130,lowestPrice API 两段单程低价相加
成功,郑州,乌鲁木齐,郑州,2026-06-03,2026-06-13,10,2190,1180,1010,94,86,lowestPrice API 两段单程低价相加
成功,太原,乌鲁木齐,太原,2026-06-02,2026-06-12,10,2190,1350,840,64,60,lowestPrice API 两段单程低价相加
成功,贵阳,乌鲁木齐,贵阳,2026-06-07,2026-06-17,10,2200,1080,1120,49,47,lowestPrice API 两段单程低价相加
成功,绵阳,乌鲁木齐,绵阳,2026-06-08,2026-06-18,10,2200,1290,910,46,50,lowestPrice API 两段单程低价相加
成功,重庆,乌鲁木齐,重庆,2026-06-06,2026-06-16,10,2208,1158,1050,108,101,lowestPrice API 两段单程低价相加
成功,呼和浩特,乌鲁木齐,呼和浩特,2026-06-14,2026-06-24,10,2210,1180,1030,63,61,lowestPrice API 两段单程低价相加
成功,成都,乌鲁木齐,成都,2026-06-05,2026-06-15,10,2210,1250,960,172,130,lowestPrice API 两段单程低价相加
成功,重庆,乌鲁木齐,重庆,2026-06-03,2026-06-13,10,2210,1110,1100,108,101,lowestPrice API 两段单程低价相加
成功,石家庄,乌鲁木齐,石家庄,2026-06-20,2026-06-30,10,2215,1140,1075,178,130,lowestPrice API 两段单程低价相加
成功,石家庄,乌鲁木齐,石家庄,2026-06-05,2026-06-15,10,2217,1190,1027,178,130,lowestPrice API 两段单程低价相加
成功,成都,乌鲁木齐,成都,2026-06-09,2026-06-19,10,2217,1170,1047,172,130,lowestPrice API 两段单程低价相加
成功,桂林,乌鲁木齐,桂林,2026-06-01,2026-06-11,10,2220,1210,1010,40,31,lowestPrice API 两段单程低价相加
成功,贵阳,乌鲁木齐,贵阳,2026-06-06,2026-06-16,10,2220,1130,1090,49,47,lowestPrice API 两段单程低价相加
成功,长沙,乌鲁木齐,长沙,2026-06-02,2026-06-12,10,2230,1140,1090,62,71,lowestPrice API 两段单程低价相加
成功,郑州,乌鲁木齐,郑州,2026-06-09,2026-06-19,10,2230,1080,1150,94,86,lowestPrice API 两段单程低价相加
成功,西安,乌鲁木齐,西安,2026-06-17,2026-06-27,10,2238,1229,1009,179,133,lowestPrice API 两段单程低价相加
成功,绵阳,乌鲁木齐,绵阳,2026-06-20,2026-06-30,10,2250,1290,960,46,50,lowestPrice API 两段单程低价相加
成功,银川,乌鲁木齐,银川,2026-06-22,2026-07-02,10,2255,1200,1055,67,65,lowestPrice API 两段单程低价相加
成功,成都,乌鲁木齐,成都,2026-06-22,2026-07-02,10,2260,1300,960,172,130,lowestPrice API 两段单程低价相加
成功,绵阳,乌鲁木齐,绵阳,2026-06-09,2026-06-19,10,2260,1060,1200,46,50,lowestPrice API 两段单程低价相加
成功,绵阳,乌鲁木齐,绵阳,2026-06-05,2026-06-15,10,2260,1450,810,46,50,lowestPrice API 两段单程低价相加
成功,石家庄,乌鲁木齐,石家庄,2026-06-06,2026-06-16,10,2264,1167,1097,178,130,lowestPrice API 两段单程低价相加
成功,石家庄,乌鲁木齐,石家庄,2026-06-03,2026-06-13,10,2267,1190,1077,178,130,lowestPrice API 两段单程低价相加
成功,重庆,乌鲁木齐,重庆,2026-06-04,2026-06-14,10,2269,1149,1120,108,101,lowestPrice API 两段单程低价相加
成功,西安,乌鲁木齐,西安,2026-06-13,2026-06-23,10,2270,1310,960,179,133,lowestPrice API 两段单程低价相加
成功,西安,乌鲁木齐,西安,2026-06-01,2026-06-11,10,2280,1380,900,179,133,lowestPrice API 两段单程低价相加
成功,长沙,乌鲁木齐,长沙,2026-06-05,2026-06-15,10,2290,1250,1040,62,71,lowestPrice API 两段单程低价相加
成功,太原,乌鲁木齐,太原,2026-06-01,2026-06-11,10,2295,1495,800,64,60,lowestPrice API 两段单程低价相加
成功,郑州,乌鲁木齐,郑州,2026-06-10,2026-06-20,10,2300,1150,1150,94,86,lowestPrice API 两段单程低价相加
成功,长沙,乌鲁木齐,长沙,2026-06-07,2026-06-17,10,2300,1160,1140,62,71,lowestPrice API 两段单程低价相加
成功,天津,乌鲁木齐,天津,2026-06-19,2026-06-29,10,2300,1100,1200,83,70,lowestPrice API 两段单程低价相加
成功,长沙,乌鲁木齐,长沙,2026-06-01,2026-06-11,10,2300,1240,1060,62,71,lowestPrice API 两段单程低价相加
成功,石家庄,乌鲁木齐,石家庄,2026-06-02,2026-06-12,10,2300,1240,1060,178,130,lowestPrice API 两段单程低价相加
成功,呼和浩特,乌鲁木齐,呼和浩特,2026-06-07,2026-06-17,10,2310,1110,1200,63,61,lowestPrice API 两段单程低价相加
成功,呼和浩特,乌鲁木齐,呼和浩特,2026-06-10,2026-06-20,10,2310,1030,1280,63,61,lowestPrice API 两段单程低价相加
成功,昆明,乌鲁木齐,昆明,2026-06-07,2026-06-17,10,2310,1300,1010,61,52,lowestPrice API 两段单程低价相加
成功,绵阳,乌鲁木齐,绵阳,2026-06-12,2026-06-22,10,2310,1450,860,46,50,lowestPrice API 两段单程低价相加
成功,贵阳,乌鲁木齐,贵阳,2026-06-03,2026-06-13,10,2310,1230,1080,49,47,lowestPrice API 两段单程低价相加
成功,石家庄,乌鲁木齐,石家庄,2026-06-04,2026-06-14,10,2317,1240,1077,178,130,lowestPrice API 两段单程低价相加
成功,石家庄,乌鲁木齐,石家庄,2026-06-13,2026-06-23,10,2317,1390,927,178,130,lowestPrice API 两段单程低价相加
成功,北京,乌鲁木齐,北京,2026-06-16,2026-06-26,10,2320,1330,990,103,99,lowestPrice API 两段单程低价相加
成功,南宁,乌鲁木齐,南宁,2026-06-01,2026-06-11,10,2320,1300,1020,56,47,lowestPrice API 两段单程低价相加
成功,广州,乌鲁木齐,广州,2026-06-01,2026-06-11,10,2320,1200,1120,93,72,lowestPrice API 两段单程低价相加
成功,石家庄,乌鲁木齐,石家庄,2026-06-14,2026-06-24,10,2327,1300,1027,178,130,lowestPrice API 两段单程低价相加
成功,昆明,乌鲁木齐,昆明,2026-06-05,2026-06-15,10,2330,1270,1060,61,52,lowestPrice API 两段单程低价相加
成功,石家庄,乌鲁木齐,石家庄,2026-06-01,2026-06-11,10,2335,1320,1015,178,130,lowestPrice API 两段单程低价相加
成功,北京,乌鲁木齐,北京,2026-06-27,2026-07-07,10,2340,1010,1330,103,99,lowestPrice API 两段单程低价相加
成功,绵阳,乌鲁木齐,绵阳,2026-06-07,2026-06-17,10,2340,1290,1050,46,50,lowestPrice API 两段单程低价相加
成功,长沙,乌鲁木齐,长沙,2026-06-27,2026-07-07,10,2340,990,1350,62,71,lowestPrice API 两段单程低价相加
成功,郑州,乌鲁木齐,郑州,2026-06-14,2026-06-24,10,2340,1160,1180,94,86,lowestPrice API 两段单程低价相加
成功,天津,乌鲁木齐,天津,2026-06-03,2026-06-13,10,2340,1290,1050,83,70,lowestPrice API 两段单程低价相加
成功,贵阳,乌鲁木齐,贵阳,2026-06-04,2026-06-14,10,2340,1230,1110,49,47,lowestPrice API 两段单程低价相加
成功,太原,乌鲁木齐,太原,2026-06-27,2026-07-07,10,2340,1230,1110,64,60,lowestPrice API 两段单程低价相加
成功,郑州,乌鲁木齐,郑州,2026-06-07,2026-06-17,10,2350,1320,1030,94,86,lowestPrice API 两段单程低价相加
成功,绵阳,乌鲁木齐,绵阳,2026-06-16,2026-06-26,10,2350,1150,1200,46,50,lowestPrice API 两段单程低价相加
成功,长沙,乌鲁木齐,长沙,2026-06-06,2026-06-16,10,2350,1210,1140,62,71,lowestPrice API 两段单程低价相加
成功,贵阳,乌鲁木齐,贵阳,2026-06-01,2026-06-11,10,2350,1410,940,49,47,lowestPrice API 两段单程低价相加
成功,贵阳,乌鲁木齐,贵阳,2026-06-14,2026-06-24,10,2350,1230,1120,49,47,lowestPrice API 两段单程低价相加
成功,重庆,乌鲁木齐,重庆,2026-06-01,2026-06-11,10,2350,1300,1050,108,101,lowestPrice API 两段单程低价相加
成功,石家庄,乌鲁木齐,石家庄,2026-06-12,2026-06-22,10,2357,1330,1027,178,130,lowestPrice API 两段单程低价相加
成功,成都,乌鲁木齐,成都,2026-06-11,2026-06-21,10,2360,1260,1100,172,130,lowestPrice API 两段单程低价相加
成功,成都,乌鲁木齐,成都,2026-06-13,2026-06-23,10,2360,1400,960,172,130,lowestPrice API 两段单程低价相加
成功,郑州,乌鲁木齐,郑州,2026-06-11,2026-06-21,10,2370,1190,1180,94,86,lowestPrice API 两段单程低价相加
成功,长沙,乌鲁木齐,长沙,2026-06-09,2026-06-19,10,2370,1150,1220,62,71,lowestPrice API 两段单程低价相加
成功,重庆,乌鲁木齐,重庆,2026-06-21,2026-07-01,10,2380,1220,1160,108,101,lowestPrice API 两段单程低价相加
成功,扬州,乌鲁木齐,扬州,2026-06-04,2026-06-14,10,2380,1300,1080,129,130,lowestPrice API 两段单程低价相加
成功,重庆,乌鲁木齐,重庆,2026-06-25,2026-07-05,10,2380,1220,1160,108,101,lowestPrice API 两段单程低价相加
成功,长沙,乌鲁木齐,长沙,2026-06-04,2026-06-14,10,2390,1140,1250,62,71,lowestPrice API 两段单程低价相加
成功,北京,乌鲁木齐,北京,2026-06-09,2026-06-19,10,2390,1180,1210,103,99,lowestPrice API 两段单程低价相加
成功,北京,乌鲁木齐,北京,2026-06-14,2026-06-24,10,2390,1180,1210,103,99,lowestPrice API 两段单程低价相加
成功,长沙,乌鲁木齐,长沙,2026-06-28,2026-07-08,10,2390,990,1400,62,71,lowestPrice API 两段单程低价相加
成功,贵阳,乌鲁木齐,贵阳,2026-06-05,2026-06-15,10,2390,1350,1040,49,47,lowestPrice API 两段单程低价相加
成功,西安,乌鲁木齐,西安,2026-06-11,2026-06-21,10,2390,1090,1300,179,133,lowestPrice API 两段单程低价相加
成功,天津,乌鲁木齐,天津,2026-06-14,2026-06-24,10,2390,1270,1120,83,70,lowestPrice API 两段单程低价相加
成功,重庆,乌鲁木齐,重庆,2026-06-30,2026-07-10,10,2400,1200,1200,108,101,lowestPrice API 两段单程低价相加
成功,呼和浩特,乌鲁木齐,呼和浩特,2026-06-19,2026-06-29,10,2400,1120,1280,63,61,lowestPrice API 两段单程低价相加
成功,大连,乌鲁木齐,大连,2026-06-01,2026-06-11,10,2400,1300,1100,65,63,lowestPrice API 两段单程低价相加
成功,大连,乌鲁木齐,大连,2026-06-15,2026-06-25,10,2410,1100,1310,65,63,lowestPrice API 两段单程低价相加
成功,长沙,乌鲁木齐,长沙,2026-06-22,2026-07-02,10,2410,990,1420,62,71,lowestPrice API 两段单程低价相加
成功,大连,乌鲁木齐,大连,2026-06-19,2026-06-29,10,2410,1100,1310,65,63,lowestPrice API 两段单程低价相加
成功,重庆,乌鲁木齐,重庆,2026-06-22,2026-07-02,10,2410,1250,1160,108,101,lowestPrice API 两段单程低价相加
成功,大连,乌鲁木齐,大连,2026-06-09,2026-06-19,10,2410,1100,1310,65,63,lowestPrice API 两段单程低价相加
成功,呼和浩特,乌鲁木齐,呼和浩特,2026-06-29,2026-07-09,10,2415,1100,1315,63,61,lowestPrice API 两段单程低价相加
成功,重庆,乌鲁木齐,重庆,2026-06-24,2026-07-04,10,2415,1215,1200,108,101,lowestPrice API 两段单程低价相加
成功,北京,乌鲁木齐,北京,2026-06-03,2026-06-13,10,2420,1230,1190,103,99,lowestPrice API 两段单程低价相加
成功,昆明,乌鲁木齐,昆明,2026-06-06,2026-06-16,10,2420,1310,1110,61,52,lowestPrice API 两段单程低价相加
成功,绵阳,乌鲁木齐,绵阳,2026-06-27,2026-07-07,10,2420,1110,1310,46,50,lowestPrice API 两段单程低价相加
成功,北京,乌鲁木齐,北京,2026-06-12,2026-06-22,10,2420,1210,1210,103,99,lowestPrice API 两段单程低价相加
成功,贵阳,乌鲁木齐,贵阳,2026-06-02,2026-06-12,10,2420,1370,1050,49,47,lowestPrice API 两段单程低价相加
成功,石家庄,乌鲁木齐,石家庄,2026-06-19,2026-06-29,10,2427,1260,1167,178,130,lowestPrice API 两段单程低价相加
成功,天津,乌鲁木齐,天津,2026-06-17,2026-06-27,10,2430,1230,1200,83,70,lowestPrice API 两段单程低价相加
成功,郑州,乌鲁木齐,郑州,2026-06-12,2026-06-22,10,2430,1250,1180,94,86,lowestPrice API 两段单程低价相加
成功,石家庄,乌鲁木齐,石家庄,2026-06-07,2026-06-17,10,2430,1300,1130,178,130,lowestPrice API 两段单程低价相加
成功,呼和浩特,乌鲁木齐,呼和浩特,2026-06-13,2026-06-23,10,2430,1400,1030,63,61,lowestPrice API 两段单程低价相加
成功,扬州,乌鲁木齐,扬州,2026-06-01,2026-06-11,10,2430,1310,1120,129,130,lowestPrice API 两段单程低价相加
成功,北京,乌鲁木齐,北京,2026-06-19,2026-06-29,10,2430,1100,1330,103,99,lowestPrice API 两段单程低价相加
成功,北京,乌鲁木齐,北京,2026-06-22,2026-07-02,10,2430,1100,1330,103,99,lowestPrice API 两段单程低价相加
成功,天津,乌鲁木齐,天津,2026-06-25,2026-07-05,10,2430,1010,1420,83,70,lowestPrice API 两段单程低价相加
成功,北京,乌鲁木齐,北京,2026-06-21,2026-07-01,10,2430,1100,1330,103,99,lowestPrice API 两段单程低价相加
成功,呼和浩特,乌鲁木齐,呼和浩特,2026-06-23,2026-07-03,10,2440,1160,1280,63,61,lowestPrice API 两段单程低价相加
成功,太原,乌鲁木齐,太原,2026-06-03,2026-06-13,10,2440,1280,1160,64,60,lowestPrice API 两段单程低价相加
成功,北京,乌鲁木齐,北京,2026-06-01,2026-06-11,10,2440,1340,1100,103,99,lowestPrice API 两段单程低价相加
成功,绵阳,乌鲁木齐,绵阳,2026-06-11,2026-06-21,10,2440,1150,1290,46,50,lowestPrice API 两段单程低价相加
成功,北京,乌鲁木齐,北京,2026-06-07,2026-06-17,10,2440,1230,1210,103,99,lowestPrice API 两段单程低价相加
成功,海口,乌鲁木齐,海口,2026-06-04,2026-06-14,10,2440,1520,920,60,56,lowestPrice API 两段单程低价相加
成功,广州,乌鲁木齐,广州,2026-06-15,2026-06-25,10,2440,1210,1230,93,72,lowestPrice API 两段单程低价相加
成功,重庆,乌鲁木齐,重庆,2026-06-15,2026-06-25,10,2440,1240,1200,108,101,lowestPrice API 两段单程低价相加
成功,海口,乌鲁木齐,海口,2026-06-02,2026-06-12,10,2440,1520,920,60,56,lowestPrice API 两段单程低价相加
成功,北京,乌鲁木齐,北京,2026-06-05,2026-06-15,10,2440,1230,1210,103,99,lowestPrice API 两段单程低价相加
成功,烟台,乌鲁木齐,烟台,2026-06-01,2026-06-11,10,2450,1600,850,39,45,lowestPrice API 两段单程低价相加
成功,海口,乌鲁木齐,海口,2026-06-07,2026-06-17,10,2450,1340,1110,60,56,lowestPrice API 两段单程低价相加
成功,青岛,乌鲁木齐,青岛,2026-06-02,2026-06-12,10,2460,1380,1080,88,82,lowestPrice API 两段单程低价相加
成功,呼和浩特,乌鲁木齐,呼和浩特,2026-06-05,2026-06-15,10,2460,1340,1120,63,61,lowestPrice API 两段单程低价相加
成功,贵阳,乌鲁木齐,贵阳,2026-06-15,2026-06-25,10,2460,1260,1200,49,47,lowestPrice API 两段单程低价相加
成功,扬州,乌鲁木齐,扬州,2026-06-03,2026-06-13,10,2467,1270,1197,129,130,lowestPrice API 两段单程低价相加
成功,长沙,乌鲁木齐,长沙,2026-06-29,2026-07-09,10,2470,990,1480,62,71,lowestPrice API 两段单程低价相加
成功,天津,乌鲁木齐,天津,2026-06-13,2026-06-23,10,2470,1360,1110,83,70,lowestPrice API 两段单程低价相加
成功,郑州,乌鲁木齐,郑州,2026-06-08,2026-06-18,10,2470,1160,1310,94,86,lowestPrice API 两段单程低价相加
成功,呼和浩特,乌鲁木齐,呼和浩特,2026-06-16,2026-06-26,10,2480,1200,1280,63,61,lowestPrice API 两段单程低价相加
成功,广州,乌鲁木齐,广州,2026-06-08,2026-06-18,10,2480,1200,1280,93,72,lowestPrice API 两段单程低价相加
成功,太原,乌鲁木齐,太原,2026-06-10,2026-06-20,10,2480,1370,1110,64,60,lowestPrice API 两段单程低价相加
成功,洛阳,乌鲁木齐,洛阳,2026-06-12,2026-06-22,10,2480,1400,1080,17,11,lowestPrice API 两段单程低价相加
成功,重庆,乌鲁木齐,重庆,2026-06-28,2026-07-08,10,2480,1320,1160,108,101,lowestPrice API 两段单程低价相加
成功,武汉,乌鲁木齐,武汉,2026-06-04,2026-06-14,10,2480,1230,1250,81,75,lowestPrice API 两段单程低价相加
成功,武汉,乌鲁木齐,武汉,2026-06-24,2026-07-04,10,2480,760,1720,81,75,lowestPrice API 两段单程低价相加
成功,昆明,乌鲁木齐,昆明,2026-06-14,2026-06-24,10,2480,1400,1080,61,52,lowestPrice API 两段单程低价相加
成功,呼和浩特,乌鲁木齐,呼和浩特,2026-06-28,2026-07-08,10,2490,1160,1330,63,61,lowestPrice API 两段单程低价相加
成功,重庆,乌鲁木齐,重庆,2026-06-23,2026-07-03,10,2490,1220,1270,108,101,lowestPrice API 两段单程低价相加
成功,天津,乌鲁木齐,天津,2026-06-01,2026-06-11,10,2490,1450,1040,83,70,lowestPrice API 两段单程低价相加
成功,杭州,乌鲁木齐,杭州,2026-06-02,2026-06-12,10,2490,1410,1080,87,75,lowestPrice API 两段单程低价相加
成功,长沙,乌鲁木齐,长沙,2026-06-12,2026-06-22,10,2490,1340,1150,62,71,lowestPrice API 两段单程低价相加
成功,长沙,乌鲁木齐,长沙,2026-06-24,2026-07-04,10,2490,990,1500,62,71,lowestPrice API 两段单程低价相加
成功,沈阳,乌鲁木齐,沈阳,2026-06-20,2026-06-30,10,2490,1050,1440,66,68,lowestPrice API 两段单程低价相加
成功,青岛,乌鲁木齐,青岛,2026-06-04,2026-06-14,10,2490,1220,1270,88,82,lowestPrice API 两段单程低价相加
成功,石家庄,乌鲁木齐,石家庄,2026-06-08,2026-06-18,10,2495,1280,1215,178,130,lowestPrice API 两段单程低价相加
成功,沈阳,乌鲁木齐,沈阳,2026-06-01,2026-06-11,10,2500,1400,1100,66,68,lowestPrice API 两段单程低价相加
成功,海口,乌鲁木齐,海口,2026-06-03,2026-06-13,10,2500,1500,1000,60,56,lowestPrice API 两段单程低价相加
成功,太原,乌鲁木齐,太原,2026-06-05,2026-06-15,10,2500,1370,1130,64,60,lowestPrice API 两段单程低价相加
成功,太原,乌鲁木齐,太原,2026-06-07,2026-06-17,10,2500,1370,1130,64,60,lowestPrice API 两段单程低价相加
成功,大连,乌鲁木齐,大连,2026-06-02,2026-06-12,10,2500,1220,1280,65,63,lowestPrice API 两段单程低价相加
成功,厦门,乌鲁木齐,厦门,2026-06-04,2026-06-14,10,2500,1220,1280,96,100,lowestPrice API 两段单程低价相加
成功,北京,乌鲁木齐,北京,2026-06-26,2026-07-06,10,2510,1180,1330,103,99,lowestPrice API 两段单程低价相加
成功,扬州,乌鲁木齐,扬州,2026-06-02,2026-06-12,10,2510,1370,1140,129,130,lowestPrice API 两段单程低价相加
成功,北京,乌鲁木齐,北京,2026-06-24,2026-07-04,10,2510,1180,1330,103,99,lowestPrice API 两段单程低价相加
成功,北京,乌鲁木齐,北京,2026-06-15,2026-06-25,10,2510,1180,1330,103,99,lowestPrice API 两段单程低价相加
成功,珠海,乌鲁木齐,珠海,2026-06-01,2026-06-11,10,2510,1500,1010,57,61,lowestPrice API 两段单程低价相加
成功,重庆,乌鲁木齐,重庆,2026-06-27,2026-07-07,10,2510,1350,1160,108,101,lowestPrice API 两段单程低价相加
成功,石家庄,乌鲁木齐,石家庄,2026-06-11,2026-06-21,10,2514,1247,1267,178,130,lowestPrice API 两段单程低价相加
成功,呼和浩特,乌鲁木齐,呼和浩特,2026-06-06,2026-06-16,10,2515,1390,1125,63,61,lowestPrice API 两段单程低价相加
成功,天津,乌鲁木齐,天津,2026-06-20,2026-06-30,10,2515,1330,1185,83,70,lowestPrice API 两段单程低价相加
成功,广州,乌鲁木齐,广州,2026-06-09,2026-06-19,10,2520,1210,1310,93,72,lowestPrice API 两段单程低价相加
成功,沈阳,乌鲁木齐,沈阳,2026-06-03,2026-06-13,10,2520,1240,1280,66,68,lowestPrice API 两段单程低价相加
成功,太原,乌鲁木齐,太原,2026-06-04,2026-06-14,10,2520,1390,1130,64,60,lowestPrice API 两段单程低价相加
成功,青岛,乌鲁木齐,青岛,2026-06-20,2026-06-30,10,2520,1100,1420,88,82,lowestPrice API 两段单程低价相加
成功,石家庄,乌鲁木齐,石家庄,2026-06-27,2026-07-07,10,2520,1140,1380,178,130,lowestPrice API 两段单程低价相加
成功,长沙,乌鲁木齐,长沙,2026-06-10,2026-06-20,10,2520,1300,1220,62,71,lowestPrice API 两段单程低价相加
成功,北京,乌鲁木齐,北京,2026-06-25,2026-07-05,10,2530,1010,1520,103,99,lowestPrice API 两段单程低价相加
成功,太原,乌鲁木齐,太原,2026-06-17,2026-06-27,10,2530,1370,1160,64,60,lowestPrice API 两段单程低价相加
成功,厦门,乌鲁木齐,厦门,2026-06-15,2026-06-25,10,2530,1220,1310,96,100,lowestPrice API 两段单程低价相加
成功,重庆,乌鲁木齐,重庆,2026-06-20,2026-06-30,10,2530,1260,1270,108,101,lowestPrice API 两段单程低价相加
成功,郑州,乌鲁木齐,郑州,2026-06-22,2026-07-02,10,2540,1080,1460,94,86,lowestPrice API 两段单程低价相加
成功,贵阳,乌鲁木齐,贵阳,2026-06-27,2026-07-07,10,2540,1120,1420,49,47,lowestPrice API 两段单程低价相加
成功,沈阳,乌鲁木齐,沈阳,2026-06-14,2026-06-24,10,2540,1440,1100,66,68,lowestPrice API 两段单程低价相加
成功,石家庄,乌鲁木齐,石家庄,2026-06-16,2026-06-26,10,2540,1240,1300,178,130,lowestPrice API 两段单程低价相加
成功,呼和浩特,乌鲁木齐,呼和浩特,2026-06-15,2026-06-25,10,2540,1280,1260,63,61,lowestPrice API 两段单程低价相加
成功,泸州,乌鲁木齐,泸州,2026-06-01,2026-06-11,10,2540,1300,1240,32,29,lowestPrice API 两段单程低价相加
成功,泉州,乌鲁木齐,泉州,2026-06-01,2026-06-11,10,2540,1300,1240,49,55,lowestPrice API 两段单程低价相加
成功,北京,乌鲁木齐,北京,2026-06-04,2026-06-14,10,2544,1250,1294,103,99,lowestPrice API 两段单程低价相加
成功,长沙,乌鲁木齐,长沙,2026-06-25,2026-07-05,10,2550,990,1560,62,71,lowestPrice API 两段单程低价相加
成功,武汉,乌鲁木齐,武汉,2026-06-14,2026-06-24,10,2550,1300,1250,81,75,lowestPrice API 两段单程低价相加
成功,武汉,乌鲁木齐,武汉,2026-06-07,2026-06-17,10,2550,1230,1320,81,75,lowestPrice API 两段单程低价相加
成功,太原,乌鲁木齐,太原,2026-06-08,2026-06-18,10,2550,1390,1160,64,60,lowestPrice API 两段单程低价相加
成功,沈阳,乌鲁木齐,沈阳,2026-06-16,2026-06-26,10,2556,1056,1500,66,68,lowestPrice API 两段单程低价相加
成功,南宁,乌鲁木齐,南宁,2026-06-13,2026-06-23,10,2560,1300,1260,56,47,lowestPrice API 两段单程低价相加
成功,呼和浩特,乌鲁木齐,呼和浩特,2026-06-17,2026-06-27,10,2560,1280,1280,63,61,lowestPrice API 两段单程低价相加
成功,呼和浩特,乌鲁木齐,呼和浩特,2026-06-22,2026-07-02,10,2560,1280,1280,63,61,lowestPrice API 两段单程低价相加
成功,珠海,乌鲁木齐,珠海,2026-06-15,2026-06-25,10,2560,1550,1010,57,61,lowestPrice API 两段单程低价相加
成功,太原,乌鲁木齐,太原,2026-06-06,2026-06-16,10,2560,1400,1160,64,60,lowestPrice API 两段单程低价相加
成功,郑州,乌鲁木齐,郑州,2026-06-17,2026-06-27,10,2560,1190,1370,94,86,lowestPrice API 两段单程低价相加
成功,石家庄,乌鲁木齐,石家庄,2026-06-18,2026-06-28,10,2560,1140,1420,178,130,lowestPrice API 两段单程低价相加
成功,郑州,乌鲁木齐,郑州,2026-06-18,2026-06-28,10,2570,1220,1350,94,86,lowestPrice API 两段单程低价相加
成功,拉萨,乌鲁木齐,拉萨,2026-06-02,2026-06-12,10,2570,1220,1350,26,36,lowestPrice API 两段单程低价相加
成功,沈阳,乌鲁木齐,沈阳,2026-06-06,2026-06-16,10,2570,1260,1310,66,68,lowestPrice API 两段单程低价相加
成功,合肥,乌鲁木齐,合肥,2026-06-01,2026-06-11,10,2580,1500,1080,65,44,lowestPrice API 两段单程低价相加
成功,北京,乌鲁木齐,北京,2026-06-23,2026-07-03,10,2580,1250,1330,103,99,lowestPrice API 两段单程低价相加
成功,沈阳,乌鲁木齐,沈阳,2026-06-22,2026-07-02,10,2580,890,1690,66,68,lowestPrice API 两段单程低价相加
成功,长沙,乌鲁木齐,长沙,2026-06-20,2026-06-30,10,2580,1330,1250,62,71,lowestPrice API 两段单程低价相加
成功,南宁,乌鲁木齐,南宁,2026-06-09,2026-06-19,10,2580,1300,1280,56,47,lowestPrice API 两段单程低价相加
成功,北京,乌鲁木齐,北京,2026-06-29,2026-07-09,10,2580,1250,1330,103,99,lowestPrice API 两段单程低价相加
成功,太原,乌鲁木齐,太原,2026-06-09,2026-06-19,10,2580,1390,1190,64,60,lowestPrice API 两段单程低价相加
成功,大连,乌鲁木齐,大连,2026-06-07,2026-06-17,10,2581,1220,1361,65,63,lowestPrice API 两段单程低价相加
成功,拉萨,乌鲁木齐,拉萨,2026-06-03,2026-06-13,10,2590,1220,1370,26,36,lowestPrice API 两段单程低价相加
成功,石家庄,乌鲁木齐,石家庄,2026-06-22,2026-07-02,10,2590,1300,1290,178,130,lowestPrice API 两段单程低价相加
成功,石家庄,乌鲁木齐,石家庄,2026-06-15,2026-06-25,10,2590,1300,1290,178,130,lowestPrice API 两段单程低价相加
成功,青岛,乌鲁木齐,青岛,2026-06-13,2026-06-23,10,2590,1380,1210,88,82,lowestPrice API 两段单程低价相加
成功,昆明,乌鲁木齐,昆明,2026-06-26,2026-07-06,10,2590,1200,1390,61,52,lowestPrice API 两段单程低价相加
成功,北京,乌鲁木齐,北京,2026-06-17,2026-06-27,10,2600,1180,1420,103,99,lowestPrice API 两段单程低价相加
成功,贵阳,乌鲁木齐,贵阳,2026-06-11,2026-06-21,10,2600,1400,1200,49,47,lowestPrice API 两段单程低价相加
成功,郑州,乌鲁木齐,郑州,2026-06-23,2026-07-03,10,2600,1140,1460,94,86,lowestPrice API 两段单程低价相加
成功,石家庄,乌鲁木齐,石家庄,2026-06-17,2026-06-27,10,2600,1300,1300,178,130,lowestPrice API 两段单程低价相加
成功,珠海,乌鲁木齐,珠海,2026-06-17,2026-06-27,10,2600,1590,1010,57,61,lowestPrice API 两段单程低价相加
成功,郑州,乌鲁木齐,郑州,2026-06-29,2026-07-09,10,2600,1140,1460,94,86,lowestPrice API 两段单程低价相加
成功,拉萨,乌鲁木齐,拉萨,2026-06-15,2026-06-25,10,2600,1220,1380,26,36,lowestPrice API 两段单程低价相加
成功,徐州,乌鲁木齐,徐州,2026-06-03,2026-06-13,10,2600,1370,1230,70,84,lowestPrice API 两段单程低价相加
成功,南宁,乌鲁木齐,南宁,2026-06-08,2026-06-18,10,2600,1400,1200,56,47,lowestPrice API 两段单程低价相加
成功,宜昌,乌鲁木齐,宜昌,2026-06-03,2026-06-13,10,2600,1390,1210,30,29,lowestPrice API 两段单程低价相加
成功,天津,乌鲁木齐,天津,2026-06-08,2026-06-18,10,2600,1400,1200,83,70,lowestPrice API 两段单程低价相加
成功,大连,乌鲁木齐,大连,2026-06-13,2026-06-23,10,2610,1300,1310,65,63,lowestPrice API 两段单程低价相加
成功,济南,乌鲁木齐,济南,2026-06-29,2026-07-09,10,2610,1140,1470,76,68,lowestPrice API 两段单程低价相加
成功,青岛,乌鲁木齐,青岛,2026-06-01,2026-06-11,10,2610,1510,1100,88,82,lowestPrice API 两段单程低价相加
成功,海口,乌鲁木齐,海口,2026-06-01,2026-06-11,10,2610,1640,970,60,56,lowestPrice API 两段单程低价相加
成功,济南,乌鲁木齐,济南,2026-06-26,2026-07-06,10,2610,1140,1470,76,68,lowestPrice API 两段单程低价相加
成功,石家庄,乌鲁木齐,石家庄,2026-06-25,2026-07-05,10,2615,1205,1410,178,130,lowestPrice API 两段单程低价相加
成功,南宁,乌鲁木齐,南宁,2026-06-07,2026-06-17,10,2620,1420,1200,56,47,lowestPrice API 两段单程低价相加
成功,贵阳,乌鲁木齐,贵阳,2026-06-23,2026-07-03,10,2620,1100,1520,49,47,lowestPrice API 两段单程低价相加
成功,哈尔滨,乌鲁木齐,哈尔滨,2026-06-02,2026-06-12,10,2620,1340,1280,45,42,lowestPrice API 两段单程低价相加
成功,贵阳,乌鲁木齐,贵阳,2026-06-10,2026-06-20,10,2620,1350,1270,49,47,lowestPrice API 两段单程低价相加
成功,哈尔滨,乌鲁木齐,哈尔滨,2026-06-01,2026-06-11,10,2620,1340,1280,45,42,lowestPrice API 两段单程低价相加
成功,南昌,乌鲁木齐,南昌,2026-06-02,2026-06-12,10,2623,1367,1256,56,47,lowestPrice API 两段单程低价相加
成功,南宁,乌鲁木齐,南宁,2026-06-04,2026-06-14,10,2630,1380,1250,56,47,lowestPrice API 两段单程低价相加
成功,烟台,乌鲁木齐,烟台,2026-06-07,2026-06-17,10,2630,1360,1270,39,45,lowestPrice API 两段单程低价相加
成功,济南,乌鲁木齐,济南,2026-06-03,2026-06-13,10,2630,1300,1330,76,68,lowestPrice API 两段单程低价相加
成功,石家庄,乌鲁木齐,石家庄,2026-06-23,2026-07-03,10,2630,1250,1380,178,130,lowestPrice API 两段单程低价相加
成功,徐州,乌鲁木齐,徐州,2026-06-01,2026-06-11,10,2630,1630,1000,70,84,lowestPrice API 两段单程低价相加
成功,济南,乌鲁木齐,济南,2026-06-01,2026-06-11,10,2630,1450,1180,76,68,lowestPrice API 两段单程低价相加
成功,南京,乌鲁木齐,南京,2026-06-07,2026-06-17,10,2635,1390,1245,75,75,lowestPrice API 两段单程低价相加
成功,扬州,乌鲁木齐,扬州,2026-06-20,2026-06-30,10,2635,1270,1365,129,130,lowestPrice API 两段单程低价相加
成功,沈阳,乌鲁木齐,沈阳,2026-06-02,2026-06-12,10,2640,1360,1280,66,68,lowestPrice API 两段单程低价相加
成功,南阳,乌鲁木齐,南阳,2026-06-05,2026-06-15,10,2640,1520,1120,29,29,lowestPrice API 两段单程低价相加
成功,上海,乌鲁木齐,上海,2026-06-01,2026-06-11,10,2642,1477,1165,167,140,lowestPrice API 两段单程低价相加
成功,呼和浩特,乌鲁木齐,呼和浩特,2026-06-27,2026-07-07,10,2642,1200,1442,63,61,lowestPrice API 两段单程低价相加
成功,海口,乌鲁木齐,海口,2026-06-08,2026-06-18,10,2650,1340,1310,60,56,lowestPrice API 两段单程低价相加
成功,呼和浩特,乌鲁木齐,呼和浩特,2026-06-12,2026-06-22,10,2650,1370,1280,63,61,lowestPrice API 两段单程低价相加
成功,昆明,乌鲁木齐,昆明,2026-06-22,2026-07-02,10,2660,1220,1440,61,52,lowestPrice API 两段单程低价相加
成功,长沙,乌鲁木齐,长沙,2026-06-21,2026-07-01,10,2660,1240,1420,62,71,lowestPrice API 两段单程低价相加
成功,合肥,乌鲁木齐,合肥,2026-06-24,2026-07-04,10,2660,800,1860,65,44,lowestPrice API 两段单程低价相加
成功,大连,乌鲁木齐,大连,2026-06-05,2026-06-15,10,2660,1380,1280,65,63,lowestPrice API 两段单程低价相加
成功,宁波,乌鲁木齐,宁波,2026-06-01,2026-06-11,10,2660,1560,1100,179,134,lowestPrice API 两段单程低价相加
成功,拉萨,乌鲁木齐,拉萨,2026-06-06,2026-06-16,10,2660,1220,1440,26,36,lowestPrice API 两段单程低价相加
成功,太原,乌鲁木齐,太原,2026-06-11,2026-06-21,10,2660,1470,1190,64,60,lowestPrice API 两段单程低价相加
成功,宜昌,乌鲁木齐,宜昌,2026-06-04,2026-06-14,10,2667,1390,1277,30,29,lowestPrice API 两段单程低价相加
成功,长沙,乌鲁木齐,长沙,2026-06-17,2026-06-27,10,2670,1330,1340,62,71,lowestPrice API 两段单程低价相加
成功,南宁,乌鲁木齐,南宁,2026-06-06,2026-06-16,10,2670,1510,1160,56,47,lowestPrice API 两段单程低价相加
成功,珠海,乌鲁木齐,珠海,2026-06-02,2026-06-12,10,2670,1420,1250,57,61,lowestPrice API 两段单程低价相加
成功,泸州,乌鲁木齐,泸州,2026-06-02,2026-06-12,10,2670,1540,1130,32,29,lowestPrice API 两段单程低价相加
成功,青岛,乌鲁木齐,青岛,2026-06-09,2026-06-19,10,2670,1380,1290,88,82,lowestPrice API 两段单程低价相加
成功,青岛,乌鲁木齐,青岛,2026-06-03,2026-06-13,10,2670,1340,1330,88,82,lowestPrice API 两段单程低价相加
成功,石家庄,乌鲁木齐,石家庄,2026-06-29,2026-07-09,10,2680,1380,1300,178,130,lowestPrice API 两段单程低价相加
成功,扬州,乌鲁木齐,扬州,2026-06-06,2026-06-16,10,2680,1320,1360,129,130,lowestPrice API 两段单程低价相加
成功,深圳,乌鲁木齐,深圳,2026-06-06,2026-06-16,10,2680,1460,1220,104,82,lowestPrice API 两段单程低价相加
成功,石家庄,乌鲁木齐,石家庄,2026-06-21,2026-07-01,10,2680,1300,1380,178,130,lowestPrice API 两段单程低价相加
成功,扬州,乌鲁木齐,扬州,2026-06-09,2026-06-19,10,2690,1420,1270,129,130,lowestPrice API 两段单程低价相加
成功,郑州,乌鲁木齐,郑州,2026-06-28,2026-07-08,10,2690,1230,1460,94,86,lowestPrice API 两段单程低价相加
成功,南京,乌鲁木齐,南京,2026-06-05,2026-06-15,10,2690,1480,1210,75,75,lowestPrice API 两段单程低价相加
成功,大连,乌鲁木齐,大连,2026-06-08,2026-06-18,10,2690,1200,1490,65,63,lowestPrice API 两段单程低价相加
成功,天津,乌鲁木齐,天津,2026-06-18,2026-06-28,10,2690,1340,1350,83,70,lowestPrice API 两段单程低价相加
成功,三亚,乌鲁木齐,三亚,2026-06-01,2026-06-11,10,2690,1580,1110,49,55,lowestPrice API 两段单程低价相加
成功,温州,乌鲁木齐,温州,2026-06-02,2026-06-12,10,2690,1410,1280,55,56,lowestPrice API 两段单程低价相加
成功,三亚,乌鲁木齐,三亚,2026-06-05,2026-06-15,10,2690,1490,1200,49,55,lowestPrice API 两段单程低价相加
成功,武汉,乌鲁木齐,武汉,2026-06-15,2026-06-25,10,2690,1400,1290,81,75,lowestPrice API 两段单程低价相加
成功,大连,乌鲁木齐,大连,2026-06-20,2026-06-30,10,2690,1320,1370,65,63,lowestPrice API 两段单程低价相加
成功,宁波,乌鲁木齐,宁波,2026-06-02,2026-06-12,10,2690,1410,1280,179,134,lowestPrice API 两段单程低价相加
成功,南宁,乌鲁木齐,南宁,2026-06-02,2026-06-12,10,2690,1490,1200,56,47,lowestPrice API 两段单程低价相加
成功,上海,乌鲁木齐,上海,2026-06-05,2026-06-15,10,2700,1420,1280,167,140,lowestPrice API 两段单程低价相加
成功,合肥,乌鲁木齐,合肥,2026-06-12,2026-06-22,10,2700,1490,1210,65,44,lowestPrice API 两段单程低价相加
成功,贵阳,乌鲁木齐,贵阳,2026-06-30,2026-07-10,10,2700,1090,1610,49,47,lowestPrice API 两段单程低价相加
成功,济南,乌鲁木齐,济南,2026-06-09,2026-06-19,10,2700,1310,1390,76,68,lowestPrice API 两段单程低价相加
成功,上海,乌鲁木齐,上海,2026-06-02,2026-06-12,10,2700,1420,1280,167,140,lowestPrice API 两段单程低价相加
成功,郑州,乌鲁木齐,郑州,2026-06-21,2026-07-01,10,2700,1240,1460,94,86,lowestPrice API 两段单程低价相加
成功,三亚,乌鲁木齐,三亚,2026-06-02,2026-06-12,10,2700,1520,1180,49,55,lowestPrice API 两段单程低价相加
成功,武汉,乌鲁木齐,武汉,2026-06-06,2026-06-16,10,2700,1300,1400,81,75,lowestPrice API 两段单程低价相加
成功,徐州,乌鲁木齐,徐州,2026-06-06,2026-06-16,10,2700,1500,1200,70,84,lowestPrice API 两段单程低价相加
成功,上海,乌鲁木齐,上海,2026-06-04,2026-06-14,10,2700,1420,1280,167,140,lowestPrice API 两段单程低价相加
成功,郑州,乌鲁木齐,郑州,2026-06-20,2026-06-30,10,2700,1330,1370,94,86,lowestPrice API 两段单程低价相加
成功,徐州,乌鲁木齐,徐州,2026-06-08,2026-06-18,10,2710,1390,1320,70,84,lowestPrice API 两段单程低价相加
成功,宜昌,乌鲁木齐,宜昌,2026-06-02,2026-06-12,10,2710,1500,1210,30,29,lowestPrice API 两段单程低价相加
成功,贵阳,乌鲁木齐,贵阳,2026-06-18,2026-06-28,10,2710,1360,1350,49,47,lowestPrice API 两段单程低价相加
成功,长春,乌鲁木齐,长春,2026-06-02,2026-06-12,10,2710,1430,1280,48,45,lowestPrice API 两段单程低价相加
成功,沈阳,乌鲁木齐,沈阳,2026-06-05,2026-06-15,10,2710,1430,1280,66,68,lowestPrice API 两段单程低价相加
成功,长沙,乌鲁木齐,长沙,2026-06-26,2026-07-06,10,2710,1310,1400,62,71,lowestPrice API 两段单程低价相加
成功,郑州,乌鲁木齐,郑州,2026-06-26,2026-07-06,10,2710,1250,1460,94,86,lowestPrice API 两段单程低价相加
成功,石家庄,乌鲁木齐,石家庄,2026-06-10,2026-06-20,10,2710,1300,1410,178,130,lowestPrice API 两段单程低价相加
成功,杭州,乌鲁木齐,杭州,2026-06-13,2026-06-23,10,2710,1350,1360,87,75,lowestPrice API 两段单程低价相加
成功,上海,乌鲁木齐,上海,2026-06-09,2026-06-19,10,2710,1250,1460,167,140,lowestPrice API 两段单程低价相加
成功,济南,乌鲁木齐,济南,2026-06-24,2026-07-04,10,2710,1240,1470,76,68,lowestPrice API 两段单程低价相加
成功,合肥,乌鲁木齐,合肥,2026-06-14,2026-06-24,10,2720,1480,1240,65,44,lowestPrice API 两段单程低价相加
成功,厦门,乌鲁木齐,厦门,2026-06-14,2026-06-24,10,2720,1220,1500,96,100,lowestPrice API 两段单程低价相加
成功,济南,乌鲁木齐,济南,2026-06-02,2026-06-12,10,2720,1490,1230,76,68,lowestPrice API 两段单程低价相加
成功,珠海,乌鲁木齐,珠海,2026-06-07,2026-06-17,10,2720,1470,1250,57,61,lowestPrice API 两段单程低价相加
成功,三亚,乌鲁木齐,三亚,2026-06-04,2026-06-14,10,2720,1470,1250,49,55,lowestPrice API 两段单程低价相加
成功,张家界,乌鲁木齐,张家界,2026-06-08,2026-06-18,10,2730,1450,1280,24,30,lowestPrice API 两段单程低价相加
成功,大连,乌鲁木齐,大连,2026-06-29,2026-07-09,10,2730,1200,1530,65,63,lowestPrice API 两段单程低价相加
成功,南宁,乌鲁木齐,南宁,2026-06-03,2026-06-13,10,2730,1400,1330,56,47,lowestPrice API 两段单程低价相加
成功,上海,乌鲁木齐,上海,2026-06-06,2026-06-16,10,2737,1420,1317,167,140,lowestPrice API 两段单程低价相加
成功,宁波,乌鲁木齐,宁波,2026-06-19,2026-06-29,10,2740,1100,1640,179,134,lowestPrice API 两段单程低价相加
成功,石家庄,乌鲁木齐,石家庄,2026-06-28,2026-07-08,10,2740,1360,1380,178,130,lowestPrice API 两段单程低价相加
成功,南昌,乌鲁木齐,南昌,2026-06-03,2026-06-13,10,2740,1330,1410,56,47,lowestPrice API 两段单程低价相加
成功,三亚,乌鲁木齐,三亚,2026-06-03,2026-06-13,10,2740,1490,1250,49,55,lowestPrice API 两段单程低价相加
成功,南阳,乌鲁木齐,南阳,2026-06-04,2026-06-14,10,2740,1360,1380,29,29,lowestPrice API 两段单程低价相加
成功,厦门,乌鲁木齐,厦门,2026-06-06,2026-06-16,10,2740,1450,1290,96,100,lowestPrice API 两段单程低价相加
成功,合肥,乌鲁木齐,合肥,2026-06-02,2026-06-12,10,2745,1500,1245,65,44,lowestPrice API 两段单程低价相加
成功,青岛,乌鲁木齐,青岛,2026-06-17,2026-06-27,10,2750,1340,1410,88,82,lowestPrice API 两段单程低价相加
成功,南宁,乌鲁木齐,南宁,2026-06-05,2026-06-15,10,2750,1550,1200,56,47,lowestPrice API 两段单程低价相加
成功,泸州,乌鲁木齐,泸州,2026-06-07,2026-06-17,10,2750,1500,1250,32,29,lowestPrice API 两段单程低价相加
成功,泉州,乌鲁木齐,泉州,2026-06-06,2026-06-16,10,2750,1380,1370,49,55,lowestPrice API 两段单程低价相加
成功,泉州,乌鲁木齐,泉州,2026-06-20,2026-06-30,10,2750,1300,1450,49,55,lowestPrice API 两段单程低价相加
成功,常州,乌鲁木齐,常州,2026-06-06,2026-06-16,10,2750,1560,1190,55,38,lowestPrice API 两段单程低价相加
成功,长春,乌鲁木齐,长春,2026-06-01,2026-06-11,10,2750,1470,1280,48,45,lowestPrice API 两段单程低价相加
成功,长春,乌鲁木齐,长春,2026-06-03,2026-06-13,10,2750,1470,1280,48,45,lowestPrice API 两段单程低价相加
成功,珠海,乌鲁木齐,珠海,2026-06-04,2026-06-14,10,2750,1470,1280,57,61,lowestPrice API 两段单程低价相加
成功,珠海,乌鲁木齐,珠海,2026-06-05,2026-06-15,10,2750,1500,1250,57,61,lowestPrice API 两段单程低价相加
成功,襄阳,乌鲁木齐,襄阳,2026-06-07,2026-06-17,10,2754,1490,1264,36,31,lowestPrice API 两段单程低价相加
成功,福州,乌鲁木齐,福州,2026-06-07,2026-06-17,10,2760,1390,1370,82,67,lowestPrice API 两段单程低价相加
成功,拉萨,乌鲁木齐,拉萨,2026-06-01,2026-06-11,10,2760,1560,1200,26,36,lowestPrice API 两段单程低价相加
成功,义乌,乌鲁木齐,义乌,2026-06-02,2026-06-12,10,2760,1480,1280,34,28,lowestPrice API 两段单程低价相加
成功,福州,乌鲁木齐,福州,2026-06-09,2026-06-19,10,2760,1380,1380,82,67,lowestPrice API 两段单程低价相加
成功,石家庄,乌鲁木齐,石家庄,2026-06-30,2026-07-10,10,2760,1380,1380,178,130,lowestPrice API 两段单程低价相加
成功,长沙,乌鲁木齐,长沙,2026-06-19,2026-06-29,10,2760,1360,1400,62,71,lowestPrice API 两段单程低价相加
成功,泉州,乌鲁木齐,泉州,2026-06-04,2026-06-14,10,2760,1480,1280,49,55,lowestPrice API 两段单程低价相加
成功,呼和浩特,乌鲁木齐,呼和浩特,2026-06-18,2026-06-28,10,2760,1350,1410,63,61,lowestPrice API 两段单程低价相加
成功,福州,乌鲁木齐,福州,2026-06-01,2026-06-11,10,2760,1570,1190,82,67,lowestPrice API 两段单程低价相加
成功,天津,乌鲁木齐,天津,2026-06-22,2026-07-02,10,2770,1360,1410,83,70,lowestPrice API 两段单程低价相加
成功,南昌,乌鲁木齐,南昌,2026-06-01,2026-06-11,10,2770,1490,1280,56,47,lowestPrice API 两段单程低价相加
成功,南京,乌鲁木齐,南京,2026-06-04,2026-06-14,10,2770,1480,1290,75,75,lowestPrice API 两段单程低价相加
成功,宁波,乌鲁木齐,宁波,2026-06-03,2026-06-13,10,2770,1490,1280,179,134,lowestPrice API 两段单程低价相加
成功,大连,乌鲁木齐,大连,2026-06-27,2026-07-07,10,2770,1200,1570,65,63,lowestPrice API 两段单程低价相加
成功,三亚,乌鲁木齐,三亚,2026-06-06,2026-06-16,10,2770,1690,1080,49,55,lowestPrice API 两段单程低价相加
成功,徐州,乌鲁木齐,徐州,2026-06-02,2026-06-12,10,2770,1570,1200,70,84,lowestPrice API 两段单程低价相加
成功,武汉,乌鲁木齐,武汉,2026-06-23,2026-07-03,10,2770,1220,1550,81,75,lowestPrice API 两段单程低价相加
成功,天津,乌鲁木齐,天津,2026-06-27,2026-07-07,10,2770,1360,1410,83,70,lowestPrice API 两段单程低价相加
成功,大连,乌鲁木齐,大连,2026-06-06,2026-06-16,10,2772,1370,1402,65,63,lowestPrice API 两段单程低价相加
成功,广州,乌鲁木齐,广州,2026-06-29,2026-07-09,10,2779,1200,1579,93,72,lowestPrice API 两段单程低价相加
成功,海口,乌鲁木齐,海口,2026-06-13,2026-06-23,10,2780,1650,1130,60,56,lowestPrice API 两段单程低价相加
成功,上海,乌鲁木齐,上海,2026-06-03,2026-06-13,10,2780,1420,1360,167,140,lowestPrice API 两段单程低价相加
成功,天津,乌鲁木齐,天津,2026-06-26,2026-07-06,10,2780,1360,1420,83,70,lowestPrice API 两段单程低价相加
成功,徐州,乌鲁木齐,徐州,2026-06-15,2026-06-25,10,2780,1460,1320,70,84,lowestPrice API 两段单程低价相加
成功,拉萨,乌鲁木齐,拉萨,2026-06-12,2026-06-22,10,2780,1310,1470,26,36,lowestPrice API 两段单程低价相加
成功,青岛,乌鲁木齐,青岛,2026-06-10,2026-06-20,10,2780,1340,1440,88,82,lowestPrice API 两段单程低价相加
成功,徐州,乌鲁木齐,徐州,2026-06-05,2026-06-15,10,2780,1580,1200,70,84,lowestPrice API 两段单程低价相加
成功,温州,乌鲁木齐,温州,2026-06-01,2026-06-11,10,2780,1550,1230,55,56,lowestPrice API 两段单程低价相加
成功,南京,乌鲁木齐,南京,2026-06-06,2026-06-16,10,2785,1505,1280,75,75,lowestPrice API 两段单程低价相加
成功,南昌,乌鲁木齐,南昌,2026-06-05,2026-06-15,10,2787,1497,1290,56,47,lowestPrice API 两段单程低价相加
成功,南京,乌鲁木齐,南京,2026-06-09,2026-06-19,10,2790,1440,1350,75,75,lowestPrice API 两段单程低价相加
成功,石家庄,乌鲁木齐,石家庄,2026-06-24,2026-07-04,10,2790,1380,1410,178,130,lowestPrice API 两段单程低价相加
成功,南宁,乌鲁木齐,南宁,2026-06-15,2026-06-25,10,2790,1510,1280,56,47,lowestPrice API 两段单程低价相加
成功,北京,乌鲁木齐,北京,2026-06-18,2026-06-28,10,2790,1400,1390,103,99,lowestPrice API 两段单程低价相加
成功,哈尔滨,乌鲁木齐,哈尔滨,2026-06-14,2026-06-24,10,2790,1460,1330,45,42,lowestPrice API 两段单程低价相加
成功,石家庄,乌鲁木齐,石家庄,2026-06-26,2026-07-06,10,2790,1380,1410,178,130,lowestPrice API 两段单程低价相加
成功,宁波,乌鲁木齐,宁波,2026-06-07,2026-06-17,10,2795,1440,1355,179,134,lowestPrice API 两段单程低价相加
成功,常州,乌鲁木齐,常州,2026-06-04,2026-06-14,10,2795,1490,1305,55,38,lowestPrice API 两段单程低价相加
成功,杭州,乌鲁木齐,杭州,2026-06-04,2026-06-14,10,2798,1410,1388,87,75,lowestPrice API 两段单程低价相加
成功,武汉,乌鲁木齐,武汉,2026-06-19,2026-06-29,10,2800,1400,1400,81,75,lowestPrice API 两段单程低价相加
成功,长沙,乌鲁木齐,长沙,2026-06-11,2026-06-21,10,2800,1340,1460,62,71,lowestPrice API 两段单程低价相加
成功,青岛,乌鲁木齐,青岛,2026-06-14,2026-06-24,10,2800,1530,1270,88,82,lowestPrice API 两段单程低价相加
成功,深圳,乌鲁木齐,深圳,2026-06-04,2026-06-14,10,2800,1460,1340,104,82,lowestPrice API 两段单程低价相加
成功,太原,乌鲁木齐,太原,2026-06-30,2026-07-10,10,2800,1110,1690,64,60,lowestPrice API 两段单程低价相加
成功,徐州,乌鲁木齐,徐州,2026-06-14,2026-06-24,10,2800,1460,1340,70,84,lowestPrice API 两段单程低价相加
成功,烟台,乌鲁木齐,烟台,2026-06-05,2026-06-15,10,2800,1530,1270,39,45,lowestPrice API 两段单程低价相加
成功,杭州,乌鲁木齐,杭州,2026-06-19,2026-06-29,10,2800,1400,1400,87,75,lowestPrice API 两段单程低价相加
成功,福州,乌鲁木齐,福州,2026-06-04,2026-06-14,10,2800,1480,1320,82,67,lowestPrice API 两段单程低价相加
成功,昆明,乌鲁木齐,昆明,2026-06-18,2026-06-28,10,2805,1290,1515,61,52,lowestPrice API 两段单程低价相加
成功,海口,乌鲁木齐,海口,2026-06-05,2026-06-15,10,2810,1590,1220,60,56,lowestPrice API 两段单程低价相加
成功,广州,乌鲁木齐,广州,2026-06-22,2026-07-02,10,2810,1210,1600,93,72,lowestPrice API 两段单程低价相加
成功,泉州,乌鲁木齐,泉州,2026-06-03,2026-06-13,10,2810,1380,1430,49,55,lowestPrice API 两段单程低价相加
成功,海口,乌鲁木齐,海口,2026-06-06,2026-06-16,10,2810,1640,1170,60,56,lowestPrice API 两段单程低价相加
成功,珠海,乌鲁木齐,珠海,2026-06-09,2026-06-19,10,2810,1460,1350,57,61,lowestPrice API 两段单程低价相加
成功,包头,乌鲁木齐,包头,2026-06-20,2026-06-30,10,2810,1450,1360,24,21,lowestPrice API 两段单程低价相加
成功,大连,乌鲁木齐,大连,2026-06-10,2026-06-20,10,2810,1300,1510,65,63,lowestPrice API 两段单程低价相加
成功,南京,乌鲁木齐,南京,2026-06-14,2026-06-24,10,2810,1440,1370,75,75,lowestPrice API 两段单程低价相加
成功,三亚,乌鲁木齐,三亚,2026-06-07,2026-06-17,10,2810,1520,1290,49,55,lowestPrice API 两段单程低价相加
成功,烟台,乌鲁木齐,烟台,2026-06-02,2026-06-12,10,2810,1530,1280,39,45,lowestPrice API 两段单程低价相加
成功,扬州,乌鲁木齐,扬州,2026-06-05,2026-06-15,10,2813,1546,1267,129,130,lowestPrice API 两段单程低价相加
成功,南昌,乌鲁木齐,南昌,2026-06-06,2026-06-16,10,2816,1480,1336,56,47,lowestPrice API 两段单程低价相加
成功,扬州,乌鲁木齐,扬州,2026-06-14,2026-06-24,10,2817,1547,1270,129,130,lowestPrice API 两段单程低价相加
成功,宁波,乌鲁木齐,宁波,2026-06-04,2026-06-14,10,2820,1540,1280,179,134,lowestPrice API 两段单程低价相加
成功,徐州,乌鲁木齐,徐州,2026-06-04,2026-06-14,10,2820,1470,1350,70,84,lowestPrice API 两段单程低价相加
成功,深圳,乌鲁木齐,深圳,2026-06-29,2026-07-09,10,2820,1160,1660,104,82,lowestPrice API 两段单程低价相加
成功,哈尔滨,乌鲁木齐,哈尔滨,2026-06-15,2026-06-25,10,2827,1280,1547,45,42,lowestPrice API 两段单程低价相加
成功,三亚,乌鲁木齐,三亚,2026-06-08,2026-06-18,10,2830,1490,1340,49,55,lowestPrice API 两段单程低价相加
成功,南京,乌鲁木齐,南京,2026-06-12,2026-06-22,10,2830,1480,1350,75,75,lowestPrice API 两段单程低价相加
成功,广州,乌鲁木齐,广州,2026-06-04,2026-06-14,10,2830,1520,1310,93,72,lowestPrice API 两段单程低价相加
成功,广州,乌鲁木齐,广州,2026-06-13,2026-06-23,10,2830,1570,1260,93,72,lowestPrice API 两段单程低价相加
成功,合肥,乌鲁木齐,合肥,2026-06-16,2026-06-26,10,2830,1480,1350,65,44,lowestPrice API 两段单程低价相加
成功,深圳,乌鲁木齐,深圳,2026-06-28,2026-07-08,10,2830,1200,1630,104,82,lowestPrice API 两段单程低价相加
成功,杭州,乌鲁木齐,杭州,2026-06-20,2026-06-30,10,2835,1480,1355,87,75,lowestPrice API 两段单程低价相加
成功,扬州,乌鲁木齐,扬州,2026-06-08,2026-06-18,10,2837,1437,1400,129,130,lowestPrice API 两段单程低价相加
成功,扬州,乌鲁木齐,扬州,2026-06-16,2026-06-26,10,2840,1360,1480,129,130,lowestPrice API 两段单程低价相加
成功,广州,乌鲁木齐,广州,2026-06-28,2026-07-08,10,2840,1200,1640,93,72,lowestPrice API 两段单程低价相加
成功,大连,乌鲁木齐,大连,2026-06-23,2026-07-03,10,2840,1200,1640,65,63,lowestPrice API 两段单程低价相加
成功,长沙,乌鲁木齐,长沙,2026-06-18,2026-06-28,10,2840,1360,1480,62,71,lowestPrice API 两段单程低价相加
成功,昆明,乌鲁木齐,昆明,2026-06-25,2026-07-05,10,2840,1200,1640,61,52,lowestPrice API 两段单程低价相加
成功,深圳,乌鲁木齐,深圳,2026-06-01,2026-06-11,10,2840,1620,1220,104,82,lowestPrice API 两段单程低价相加
成功,昆明,乌鲁木齐,昆明,2026-06-24,2026-07-04,10,2840,1200,1640,61,52,lowestPrice API 两段单程低价相加
成功,常州,乌鲁木齐,常州,2026-06-01,2026-06-11,10,2845,1610,1235,55,38,lowestPrice API 两段单程低价相加
成功,襄阳,乌鲁木齐,襄阳,2026-06-10,2026-06-20,10,2847,1490,1357,36,31,lowestPrice API 两段单程低价相加
成功,青岛,乌鲁木齐,青岛,2026-06-26,2026-07-06,10,2850,1270,1580,88,82,lowestPrice API 两段单程低价相加
成功,上海,乌鲁木齐,上海,2026-06-07,2026-06-17,10,2850,1420,1430,167,140,lowestPrice API 两段单程低价相加
成功,福州,乌鲁木齐,福州,2026-06-08,2026-06-18,10,2850,1380,1470,82,67,lowestPrice API 两段单程低价相加
成功,哈尔滨,乌鲁木齐,哈尔滨,2026-06-25,2026-07-05,10,2850,1140,1710,45,42,lowestPrice API 两段单程低价相加
成功,大连,乌鲁木齐,大连,2026-06-16,2026-06-26,10,2850,1540,1310,65,63,lowestPrice API 两段单程低价相加
成功,武汉,乌鲁木齐,武汉,2026-06-11,2026-06-21,10,2850,1300,1550,81,75,lowestPrice API 两段单程低价相加
成功,扬州,乌鲁木齐,扬州,2026-06-13,2026-06-23,10,2855,1410,1445,129,130,lowestPrice API 两段单程低价相加
成功,天津,乌鲁木齐,天津,2026-06-28,2026-07-08,10,2857,1510,1347,83,70,lowestPrice API 两段单程低价相加
成功,海口,乌鲁木齐,海口,2026-06-14,2026-06-24,10,2860,1640,1220,60,56,lowestPrice API 两段单程低价相加
成功,合肥,乌鲁木齐,合肥,2026-06-10,2026-06-20,10,2860,1430,1430,65,44,lowestPrice API 两段单程低价相加
成功,广州,乌鲁木齐,广州,2026-06-05,2026-06-15,10,2860,1590,1270,93,72,lowestPrice API 两段单程低价相加
成功,天津,乌鲁木齐,天津,2026-06-24,2026-07-04,10,2860,1340,1520,83,70,lowestPrice API 两段单程低价相加
成功,天津,乌鲁木齐,天津,2026-06-23,2026-07-03,10,2860,1340,1520,83,70,lowestPrice API 两段单程低价相加
成功,张家界,乌鲁木齐,张家界,2026-06-03,2026-06-13,10,2860,1460,1400,24,30,lowestPrice API 两段单程低价相加
成功,青岛,乌鲁木齐,青岛,2026-06-28,2026-07-08,10,2860,1430,1430,88,82,lowestPrice API 两段单程低价相加
成功,广州,乌鲁木齐,广州,2026-06-12,2026-06-22,10,2860,1590,1270,93,72,lowestPrice API 两段单程低价相加
成功,南京,乌鲁木齐,南京,2026-06-15,2026-06-25,10,2860,1440,1420,75,75,lowestPrice API 两段单程低价相加
成功,福州,乌鲁木齐,福州,2026-06-14,2026-06-24,10,2870,1540,1330,82,67,lowestPrice API 两段单程低价相加
成功,天津,乌鲁木齐,天津,2026-06-30,2026-07-10,10,2870,1280,1590,83,70,lowestPrice API 两段单程低价相加
成功,青岛,乌鲁木齐,青岛,2026-06-24,2026-07-04,10,2870,1290,1580,88,82,lowestPrice API 两段单程低价相加
成功,襄阳,乌鲁木齐,襄阳,2026-06-05,2026-06-15,10,2871,1481,1390,36,31,lowestPrice API 两段单程低价相加
成功,泉州,乌鲁木齐,泉州,2026-06-10,2026-06-20,10,2880,1380,1500,49,55,lowestPrice API 两段单程低价相加
成功,泉州,乌鲁木齐,泉州,2026-06-07,2026-06-17,10,2880,1380,1500,49,55,lowestPrice API 两段单程低价相加
成功,杭州,乌鲁木齐,杭州,2026-06-27,2026-07-07,10,2880,1370,1510,87,75,lowestPrice API 两段单程低价相加
成功,长春,乌鲁木齐,长春,2026-06-05,2026-06-15,10,2880,1600,1280,48,45,lowestPrice API 两段单程低价相加
成功,青岛,乌鲁木齐,青岛,2026-06-11,2026-06-21,10,2880,1380,1500,88,82,lowestPrice API 两段单程低价相加
成功,泉州,乌鲁木齐,泉州,2026-06-13,2026-06-23,10,2880,1380,1500,49,55,lowestPrice API 两段单程低价相加
成功,南昌,乌鲁木齐,南昌,2026-06-08,2026-06-18,10,2880,1445,1435,56,47,lowestPrice API 两段单程低价相加
成功,泉州,乌鲁木齐,泉州,2026-06-14,2026-06-24,10,2880,1380,1500,49,55,lowestPrice API 两段单程低价相加
成功,泸州,乌鲁木齐,泸州,2026-06-04,2026-06-14,10,2890,1640,1250,32,29,lowestPrice API 两段单程低价相加
成功,海口,乌鲁木齐,海口,2026-06-27,2026-07-07,10,2890,1360,1530,60,56,lowestPrice API 两段单程低价相加
成功,常州,乌鲁木齐,常州,2026-06-03,2026-06-13,10,2890,1570,1320,55,38,lowestPrice API 两段单程低价相加
成功,珠海,乌鲁木齐,珠海,2026-06-27,2026-07-07,10,2890,1300,1590,57,61,lowestPrice API 两段单程低价相加
成功,呼和浩特,乌鲁木齐,呼和浩特,2026-06-04,2026-06-14,10,2890,1630,1260,63,61,lowestPrice API 两段单程低价相加
成功,济南,乌鲁木齐,济南,2026-06-25,2026-07-05,10,2890,1420,1470,76,68,lowestPrice API 两段单程低价相加
成功,济南,乌鲁木齐,济南,2026-06-28,2026-07-08,10,2890,1420,1470,76,68,lowestPrice API 两段单程低价相加
成功,济南,乌鲁木齐,济南,2026-06-30,2026-07-10,10,2890,1420,1470,76,68,lowestPrice API 两段单程低价相加
成功,济南,乌鲁木齐,济南,2026-06-13,2026-06-23,10,2890,1540,1350,76,68,lowestPrice API 两段单程低价相加
成功,昆明,乌鲁木齐,昆明,2026-06-23,2026-07-03,10,2890,1200,1690,61,52,lowestPrice API 两段单程低价相加
成功,南京,乌鲁木齐,南京,2026-06-21,2026-07-01,10,2890,1380,1510,75,75,lowestPrice API 两段单程低价相加
成功,包头,乌鲁木齐,包头,2026-06-07,2026-06-17,10,2890,1460,1430,24,21,lowestPrice API 两段单程低价相加
成功,包头,乌鲁木齐,包头,2026-06-08,2026-06-18,10,2890,1500,1390,24,21,lowestPrice API 两段单程低价相加
成功,温州,乌鲁木齐,温州,2026-06-05,2026-06-15,10,2890,1610,1280,55,56,lowestPrice API 两段单程低价相加
成功,福州,乌鲁木齐,福州,2026-06-03,2026-06-13,10,2890,1570,1320,82,67,lowestPrice API 两段单程低价相加
成功,福州,乌鲁木齐,福州,2026-06-05,2026-06-15,10,2895,1615,1280,82,67,lowestPrice API 两段单程低价相加
成功,沈阳,乌鲁木齐,沈阳,2026-06-13,2026-06-23,10,2896,1416,1480,66,68,lowestPrice API 两段单程低价相加
成功,南昌,乌鲁木齐,南昌,2026-06-24,2026-07-04,10,2897,1287,1610,56,47,lowestPrice API 两段单程低价相加
成功,南京,乌鲁木齐,南京,2026-06-16,2026-06-26,10,2900,1440,1460,75,75,lowestPrice API 两段单程低价相加
成功,烟台,乌鲁木齐,烟台,2026-06-03,2026-06-13,10,2900,1360,1540,39,45,lowestPrice API 两段单程低价相加
成功,南昌,乌鲁木齐,南昌,2026-06-17,2026-06-27,10,2907,1427,1480,56,47,lowestPrice API 两段单程低价相加
成功,广州,乌鲁木齐,广州,2026-06-11,2026-06-21,10,2910,1330,1580,93,72,lowestPrice API 两段单程低价相加
成功,青岛,乌鲁木齐,青岛,2026-06-12,2026-06-22,10,2910,1530,1380,88,82,lowestPrice API 两段单程低价相加
成功,南京,乌鲁木齐,南京,2026-06-10,2026-06-20,10,2910,1460,1450,75,75,lowestPrice API 两段单程低价相加
成功,海口,乌鲁木齐,海口,2026-06-18,2026-06-28,10,2910,1550,1360,60,56,lowestPrice API 两段单程低价相加
成功,济南,乌鲁木齐,济南,2026-06-14,2026-06-24,10,2910,1520,1390,76,68,lowestPrice API 两段单程低价相加
成功,上海,乌鲁木齐,上海,2026-06-15,2026-06-25,10,2917,1567,1350,167,140,lowestPrice API 两段单程低价相加
成功,南阳,乌鲁木齐,南阳,2026-06-03,2026-06-13,10,2920,1120,1800,29,29,lowestPrice API 两段单程低价相加
成功,宁波,乌鲁木齐,宁波,2026-06-14,2026-06-24,10,2920,1500,1420,179,134,lowestPrice API 两段单程低价相加
成功,汕头,乌鲁木齐,汕头,2026-06-04,2026-06-14,10,2920,1640,1280,38,42,lowestPrice API 两段单程低价相加
成功,长春,乌鲁木齐,长春,2026-06-06,2026-06-16,10,2920,1470,1450,48,45,lowestPrice API 两段单程低价相加
成功,上海,乌鲁木齐,上海,2026-06-08,2026-06-18,10,2920,1420,1500,167,140,lowestPrice API 两段单程低价相加
成功,扬州,乌鲁木齐,扬州,2026-06-07,2026-06-17,10,2920,1600,1320,129,130,lowestPrice API 两段单程低价相加
成功,广州,乌鲁木齐,广州,2026-06-16,2026-06-26,10,2924,1450,1474,93,72,lowestPrice API 两段单程低价相加
成功,扬州,乌鲁木齐,扬州,2026-06-15,2026-06-25,10,2927,1407,1520,129,130,lowestPrice API 两段单程低价相加
成功,大连,乌鲁木齐,大连,2026-06-11,2026-06-21,10,2930,1300,1630,65,63,lowestPrice API 两段单程低价相加
成功,宁波,乌鲁木齐,宁波,2026-06-08,2026-06-18,10,2930,1440,1490,179,134,lowestPrice API 两段单程低价相加
成功,宁波,乌鲁木齐,宁波,2026-06-15,2026-06-25,10,2930,1500,1430,179,134,lowestPrice API 两段单程低价相加
成功,温州,乌鲁木齐,温州,2026-06-03,2026-06-13,10,2930,1480,1450,55,56,lowestPrice API 两段单程低价相加
成功,洛阳,乌鲁木齐,洛阳,2026-06-11,2026-06-21,10,2930,1380,1550,17,11,lowestPrice API 两段单程低价相加
成功,青岛,乌鲁木齐,青岛,2026-06-21,2026-07-01,10,2930,1500,1430,88,82,lowestPrice API 两段单程低价相加
成功,哈尔滨,乌鲁木齐,哈尔滨,2026-06-20,2026-06-30,10,2930,1430,1500,45,42,lowestPrice API 两段单程低价相加
成功,烟台,乌鲁木齐,烟台,2026-06-04,2026-06-14,10,2930,1530,1400,39,45,lowestPrice API 两段单程低价相加
成功,珠海,乌鲁木齐,珠海,2026-06-10,2026-06-20,10,2930,1470,1460,57,61,lowestPrice API 两段单程低价相加
成功,烟台,乌鲁木齐,烟台,2026-06-06,2026-06-16,10,2934,1530,1404,39,45,lowestPrice API 两段单程低价相加
成功,上海,乌鲁木齐,上海,2026-06-22,2026-07-02,10,2940,1440,1500,167,140,lowestPrice API 两段单程低价相加
成功,珠海,乌鲁木齐,珠海,2026-06-12,2026-06-22,10,2940,1720,1220,57,61,lowestPrice API 两段单程低价相加
成功,温州,乌鲁木齐,温州,2026-06-09,2026-06-19,10,2940,1500,1440,55,56,lowestPrice API 两段单程低价相加
成功,上海,乌鲁木齐,上海,2026-06-13,2026-06-23,10,2940,1570,1370,167,140,lowestPrice API 两段单程低价相加
成功,南宁,乌鲁木齐,南宁,2026-06-20,2026-06-30,10,2940,1300,1640,56,47,lowestPrice API 两段单程低价相加
成功,深圳,乌鲁木齐,深圳,2026-06-25,2026-07-05,10,2950,1200,1750,104,82,lowestPrice API 两段单程低价相加
成功,武汉,乌鲁木齐,武汉,2026-06-17,2026-06-27,10,2950,1400,1550,81,75,lowestPrice API 两段单程低价相加
成功,长春,乌鲁木齐,长春,2026-06-07,2026-06-17,10,2950,1510,1440,48,45,lowestPrice API 两段单程低价相加
成功,长沙,乌鲁木齐,长沙,2026-06-30,2026-07-10,10,2960,1400,1560,62,71,lowestPrice API 两段单程低价相加
成功,台州,乌鲁木齐,台州,2026-06-04,2026-06-14,10,2960,1600,1360,52,36,lowestPrice API 两段单程低价相加
成功,台州,乌鲁木齐,台州,2026-06-06,2026-06-16,10,2960,1580,1380,52,36,lowestPrice API 两段单程低价相加
成功,珠海,乌鲁木齐,珠海,2026-06-23,2026-07-03,10,2970,1300,1670,57,61,lowestPrice API 两段单程低价相加
成功,北海,乌鲁木齐,北海,2026-06-05,2026-06-15,10,2970,1720,1250,24,24,lowestPrice API 两段单程低价相加
成功,扬州,乌鲁木齐,扬州,2026-06-27,2026-07-07,10,2970,1450,1520,129,130,lowestPrice API 两段单程低价相加
成功,南宁,乌鲁木齐,南宁,2026-06-24,2026-07-04,10,2970,900,2070,56,47,lowestPrice API 两段单程低价相加
成功,济南,乌鲁木齐,济南,2026-06-15,2026-06-25,10,2970,1520,1450,76,68,lowestPrice API 两段单程低价相加
成功,杭州,乌鲁木齐,杭州,2026-06-23,2026-07-03,10,2970,1310,1660,87,75,lowestPrice API 两段单程低价相加
成功,大连,乌鲁木齐,大连,2026-06-18,2026-06-28,10,2970,1420,1550,65,63,lowestPrice API 两段单程低价相加
成功,南宁,乌鲁木齐,南宁,2026-06-10,2026-06-20,10,2970,1500,1470,56,47,lowestPrice API 两段单程低价相加
成功,沈阳,乌鲁木齐,沈阳,2026-06-27,2026-07-07,10,2978,1288,1690,66,68,lowestPrice API 两段单程低价相加
成功,广州,乌鲁木齐,广州,2026-06-17,2026-06-27,10,2980,1450,1530,93,72,lowestPrice API 两段单程低价相加
成功,徐州,乌鲁木齐,徐州,2026-06-13,2026-06-23,10,2980,1660,1320,70,84,lowestPrice API 两段单程低价相加
成功,济南,乌鲁木齐,济南,2026-06-20,2026-06-30,10,2980,1530,1450,76,68,lowestPrice API 两段单程低价相加
成功,武汉,乌鲁木齐,武汉,2026-06-18,2026-06-28,10,2980,1430,1550,81,75,lowestPrice API 两段单程低价相加
成功,宁波,乌鲁木齐,宁波,2026-06-13,2026-06-23,10,2982,1582,1400,179,134,lowestPrice API 两段单程低价相加
成功,宁波,乌鲁木齐,宁波,2026-06-06,2026-06-16,10,2983,1855,1128,179,134,lowestPrice API 两段单程低价相加
成功,义乌,乌鲁木齐,义乌,2026-06-05,2026-06-15,10,2989,1640,1349,34,28,lowestPrice API 两段单程低价相加
成功,宜宾,乌鲁木齐,宜宾,2026-06-05,2026-06-15,10,2990,1620,1370,31,34,lowestPrice API 两段单程低价相加
成功,宜宾,乌鲁木齐,宜宾,2026-06-28,2026-07-08,10,2990,1620,1370,31,34,lowestPrice API 两段单程低价相加
成功,青岛,乌鲁木齐,青岛,2026-06-18,2026-06-28,10,2990,1580,1410,88,82,lowestPrice API 两段单程低价相加
成功,烟台,乌鲁木齐,烟台,2026-06-18,2026-06-28,10,2990,1530,1460,39,45,lowestPrice API 两段单程低价相加
成功,深圳,乌鲁木齐,深圳,2026-06-30,2026-07-10,10,2990,1200,1790,104,82,lowestPrice API 两段单程低价相加
成功,深圳,乌鲁木齐,深圳,2026-06-27,2026-07-07,10,2990,1200,1790,104,82,lowestPrice API 两段单程低价相加
成功,济南,乌鲁木齐,济南,2026-06-16,2026-06-26,10,2990,1520,1470,76,68,lowestPrice API 两段单程低价相加
成功,济南,乌鲁木齐,济南,2026-06-11,2026-06-21,10,2990,1520,1470,76,68,lowestPrice API 两段单程低价相加
成功,沈阳,乌鲁木齐,沈阳,2026-06-10,2026-06-20,10,2990,1400,1590,66,68,lowestPrice API 两段单程低价相加
成功,哈尔滨,乌鲁木齐,哈尔滨,2026-06-06,2026-06-16,10,2990,1550,1440,45,42,lowestPrice API 两段单程低价相加
成功,张家界,乌鲁木齐,张家界,2026-06-18,2026-06-28,10,2995,1425,1570,24,30,lowestPrice API 两段单程低价相加
成功,武汉,乌鲁木齐,武汉,2026-06-26,2026-07-06,10,3000,1450,1550,81,75,lowestPrice API 两段单程低价相加
成功,温州,乌鲁木齐,温州,2026-06-08,2026-06-18,10,3000,1500,1500,55,56,lowestPrice API 两段单程低价相加
成功,温州,乌鲁木齐,温州,2026-06-10,2026-06-20,10,3000,1500,1500,55,56,lowestPrice API 两段单程低价相加
成功,大连,乌鲁木齐,大连,2026-06-17,2026-06-27,10,3000,1490,1510,65,63,lowestPrice API 两段单程低价相加
成功,大连,乌鲁木齐,大连,2026-06-24,2026-07-04,10,3000,1200,1800,65,63,lowestPrice API 两段单程低价相加
成功,青岛,乌鲁木齐,青岛,2026-06-27,2026-07-07,10,3010,1580,1430,88,82,lowestPrice API 两段单程低价相加
成功,海口,乌鲁木齐,海口,2026-06-16,2026-06-26,10,3010,1560,1450,60,56,lowestPrice API 两段单程低价相加
成功,三亚,乌鲁木齐,三亚,2026-06-16,2026-06-26,10,3010,1680,1330,49,55,lowestPrice API 两段单程低价相加
成功,合肥,乌鲁木齐,合肥,2026-06-22,2026-07-02,10,3010,1550,1460,65,44,lowestPrice API 两段单程低价相加
成功,无锡,乌鲁木齐,无锡,2026-06-06,2026-06-16,10,3010,1560,1450,38,36,lowestPrice API 两段单程低价相加
成功,桂林,乌鲁木齐,桂林,2026-06-24,2026-07-04,10,3015,1380,1635,40,31,lowestPrice API 两段单程低价相加
成功,宁波,乌鲁木齐,宁波,2026-06-09,2026-06-19,10,3020,1530,1490,179,134,lowestPrice API 两段单程低价相加
成功,广州,乌鲁木齐,广州,2026-06-20,2026-06-30,10,3020,1580,1440,93,72,lowestPrice API 两段单程低价相加
成功,南京,乌鲁木齐,南京,2026-06-17,2026-06-27,10,3020,1570,1450,75,75,lowestPrice API 两段单程低价相加
成功,宁波,乌鲁木齐,宁波,2026-06-05,2026-06-15,10,3024,1667,1357,179,134,lowestPrice API 两段单程低价相加
成功,哈尔滨,乌鲁木齐,哈尔滨,2026-06-08,2026-06-18,10,3025,1455,1570,45,42,lowestPrice API 两段单程低价相加
成功,深圳,乌鲁木齐,深圳,2026-06-20,2026-06-30,10,3025,1500,1525,104,82,lowestPrice API 两段单程低价相加
成功,上海,乌鲁木齐,上海,2026-06-24,2026-07-04,10,3027,1440,1587,167,140,lowestPrice API 两段单程低价相加
成功,湛江,乌鲁木齐,湛江,2026-06-08,2026-06-18,10,3030,1590,1440,16,14,lowestPrice API 两段单程低价相加
成功,太原,乌鲁木齐,太原,2026-06-28,2026-07-08,10,3030,1340,1690,64,60,lowestPrice API 两段单程低价相加
成功,武汉,乌鲁木齐,武汉,2026-06-22,2026-07-02,10,3030,1480,1550,81,75,lowestPrice API 两段单程低价相加
成功,台州,乌鲁木齐,台州,2026-06-01,2026-06-11,10,3030,1810,1220,52,36,lowestPrice API 两段单程低价相加
成功,南阳,乌鲁木齐,南阳,2026-06-06,2026-06-16,10,3030,1490,1540,29,29,lowestPrice API 两段单程低价相加
成功,襄阳,乌鲁木齐,襄阳,2026-06-03,2026-06-13,10,3038,1370,1668,36,31,lowestPrice API 两段单程低价相加
成功,南通,乌鲁木齐,南通,2026-06-05,2026-06-15,10,3040,1650,1390,44,34,lowestPrice API 两段单程低价相加
成功,海口,乌鲁木齐,海口,2026-06-22,2026-07-02,10,3050,1460,1590,60,56,lowestPrice API 两段单程低价相加
成功,无锡,乌鲁木齐,无锡,2026-06-01,2026-06-11,10,3050,1650,1400,38,36,lowestPrice API 两段单程低价相加
成功,杭州,乌鲁木齐,杭州,2026-06-25,2026-07-05,10,3050,1480,1570,87,75,lowestPrice API 两段单程低价相加
成功,扬州,乌鲁木齐,扬州,2026-06-10,2026-06-20,10,3057,1457,1600,129,130,lowestPrice API 两段单程低价相加
成功,泉州,乌鲁木齐,泉州,2026-06-15,2026-06-25,10,3060,1380,1680,49,55,lowestPrice API 两段单程低价相加
成功,福州,乌鲁木齐,福州,2026-06-13,2026-06-23,10,3060,1730,1330,82,67,lowestPrice API 两段单程低价相加
成功,天津,乌鲁木齐,天津,2026-06-29,2026-07-09,10,3060,1490,1570,83,70,lowestPrice API 两段单程低价相加
成功,泸州,乌鲁木齐,泸州,2026-06-03,2026-06-13,10,3060,1450,1610,32,29,lowestPrice API 两段单程低价相加
成功,南京,乌鲁木齐,南京,2026-06-22,2026-07-02,10,3070,1560,1510,75,75,lowestPrice API 两段单程低价相加
成功,福州,乌鲁木齐,福州,2026-06-20,2026-06-30,10,3070,1570,1500,82,67,lowestPrice API 两段单程低价相加
成功,深圳,乌鲁木齐,深圳,2026-06-26,2026-07-06,10,3070,1200,1870,104,82,lowestPrice API 两段单程低价相加
成功,青岛,乌鲁木齐,青岛,2026-06-22,2026-07-02,10,3070,1490,1580,88,82,lowestPrice API 两段单程低价相加
成功,上海,乌鲁木齐,上海,2026-06-29,2026-07-09,10,3073,1440,1633,167,140,lowestPrice API 两段单程低价相加
成功,上海,乌鲁木齐,上海,2026-06-28,2026-07-08,10,3073,1440,1633,167,140,lowestPrice API 两段单程低价相加
成功,上海,乌鲁木齐,上海,2026-06-27,2026-07-07,10,3073,1440,1633,167,140,lowestPrice API 两段单程低价相加
成功,上海,乌鲁木齐,上海,2026-06-25,2026-07-05,10,3073,1440,1633,167,140,lowestPrice API 两段单程低价相加
成功,常州,乌鲁木齐,常州,2026-06-13,2026-06-23,10,3075,1560,1515,55,38,lowestPrice API 两段单程低价相加
成功,三亚,乌鲁木齐,三亚,2026-06-18,2026-06-28,10,3080,1660,1420,49,55,lowestPrice API 两段单程低价相加
成功,昆明,乌鲁木齐,昆明,2026-06-29,2026-07-09,10,3085,1590,1495,61,52,lowestPrice API 两段单程低价相加
成功,郑州,乌鲁木齐,郑州,2026-06-30,2026-07-10,10,3087,1477,1610,94,86,lowestPrice API 两段单程低价相加
成功,无锡,乌鲁木齐,无锡,2026-06-09,2026-06-19,10,3090,1510,1580,38,36,lowestPrice API 两段单程低价相加
成功,台州,乌鲁木齐,台州,2026-06-07,2026-06-17,10,3090,1600,1490,52,36,lowestPrice API 两段单程低价相加
成功,南通,乌鲁木齐,南通,2026-06-09,2026-06-19,10,3090,1650,1440,44,34,lowestPrice API 两段单程低价相加
成功,宁波,乌鲁木齐,宁波,2026-06-12,2026-06-22,10,3100,1680,1420,179,134,lowestPrice API 两段单程低价相加
成功,南京,乌鲁木齐,南京,2026-06-28,2026-07-08,10,3100,1590,1510,75,75,lowestPrice API 两段单程低价相加
成功,海口,乌鲁木齐,海口,2026-06-17,2026-06-27,10,3100,1640,1460,60,56,lowestPrice API 两段单程低价相加
成功,南昌,乌鲁木齐,南昌,2026-06-22,2026-07-02,10,3107,1577,1530,56,47,lowestPrice API 两段单程低价相加
成功,扬州,乌鲁木齐,扬州,2026-06-24,2026-07-04,10,3110,1420,1690,129,130,lowestPrice API 两段单程低价相加
成功,徐州,乌鲁木齐,徐州,2026-06-11,2026-06-21,10,3110,1650,1460,70,84,lowestPrice API 两段单程低价相加
成功,福州,乌鲁木齐,福州,2026-06-12,2026-06-22,10,3110,1800,1310,82,67,lowestPrice API 两段单程低价相加
成功,合肥,乌鲁木齐,合肥,2026-06-23,2026-07-03,10,3113,1550,1563,65,44,lowestPrice API 两段单程低价相加
成功,无锡,乌鲁木齐,无锡,2026-06-04,2026-06-14,10,3120,1540,1580,38,36,lowestPrice API 两段单程低价相加
成功,无锡,乌鲁木齐,无锡,2026-06-03,2026-06-13,10,3120,1560,1560,38,36,lowestPrice API 两段单程低价相加
成功,南宁,乌鲁木齐,南宁,2026-06-11,2026-06-21,10,3120,1630,1490,56,47,lowestPrice API 两段单程低价相加
成功,汕头,乌鲁木齐,汕头,2026-06-10,2026-06-20,10,3120,1700,1420,38,42,lowestPrice API 两段单程低价相加
成功,烟台,乌鲁木齐,烟台,2026-06-16,2026-06-26,10,3120,1580,1540,39,45,lowestPrice API 两段单程低价相加
成功,哈尔滨,乌鲁木齐,哈尔滨,2026-06-19,2026-06-29,10,3125,1525,1600,45,42,lowestPrice API 两段单程低价相加
成功,上海,乌鲁木齐,上海,2026-06-16,2026-06-26,10,3130,1580,1550,167,140,lowestPrice API 两段单程低价相加
成功,海口,乌鲁木齐,海口,2026-06-29,2026-07-09,10,3130,1460,1670,60,56,lowestPrice API 两段单程低价相加
成功,深圳,乌鲁木齐,深圳,2026-06-16,2026-06-26,10,3130,1620,1510,104,82,lowestPrice API 两段单程低价相加
成功,徐州,乌鲁木齐,徐州,2026-06-10,2026-06-20,10,3130,1650,1480,70,84,lowestPrice API 两段单程低价相加
成功,海口,乌鲁木齐,海口,2026-06-26,2026-07-06,10,3130,1460,1670,60,56,lowestPrice API 两段单程低价相加
成功,义乌,乌鲁木齐,义乌,2026-06-06,2026-06-16,10,3134,1785,1349,34,28,lowestPrice API 两段单程低价相加
成功,宁波,乌鲁木齐,宁波,2026-06-10,2026-06-20,10,3137,1640,1497,179,134,lowestPrice API 两段单程低价相加
成功,大连,乌鲁木齐,大连,2026-06-22,2026-07-02,10,3140,1570,1570,65,63,lowestPrice API 两段单程低价相加
成功,宜宾,乌鲁木齐,宜宾,2026-06-02,2026-06-12,10,3140,1770,1370,31,34,lowestPrice API 两段单程低价相加
成功,南宁,乌鲁木齐,南宁,2026-06-17,2026-06-27,10,3140,1590,1550,56,47,lowestPrice API 两段单程低价相加
成功,扬州,乌鲁木齐,扬州,2026-06-12,2026-06-22,10,3147,1547,1600,129,130,lowestPrice API 两段单程低价相加
成功,杭州,乌鲁木齐,杭州,2026-06-30,2026-07-10,10,3150,1520,1630,87,75,lowestPrice API 两段单程低价相加
成功,上海,乌鲁木齐,上海,2026-06-14,2026-06-24,10,3158,1620,1538,167,140,lowestPrice API 两段单程低价相加
成功,徐州,乌鲁木齐,徐州,2026-06-18,2026-06-28,10,3160,1700,1460,70,84,lowestPrice API 两段单程低价相加
成功,福州,乌鲁木齐,福州,2026-06-22,2026-07-02,10,3160,1610,1550,82,67,lowestPrice API 两段单程低价相加
成功,宁波,乌鲁木齐,宁波,2026-06-22,2026-07-02,10,3160,1700,1460,179,134,lowestPrice API 两段单程低价相加
成功,南宁,乌鲁木齐,南宁,2026-06-22,2026-07-02,10,3169,1350,1819,56,47,lowestPrice API 两段单程低价相加
成功,广州,乌鲁木齐,广州,2026-06-21,2026-07-01,10,3170,1580,1590,93,72,lowestPrice API 两段单程低价相加
成功,宁波,乌鲁木齐,宁波,2026-06-18,2026-06-28,10,3170,1610,1560,179,134,lowestPrice API 两段单程低价相加
成功,常州,乌鲁木齐,常州,2026-06-15,2026-06-25,10,3170,1560,1610,55,38,lowestPrice API 两段单程低价相加
成功,珠海,乌鲁木齐,珠海,2026-06-11,2026-06-21,10,3180,1660,1520,57,61,lowestPrice API 两段单程低价相加
成功,汕头,乌鲁木齐,汕头,2026-06-20,2026-06-30,10,3180,1630,1550,38,42,lowestPrice API 两段单程低价相加
成功,桂林,乌鲁木齐,桂林,2026-06-23,2026-07-03,10,3190,1380,1810,40,31,lowestPrice API 两段单程低价相加
成功,沈阳,乌鲁木齐,沈阳,2026-06-28,2026-07-08,10,3190,1500,1690,66,68,lowestPrice API 两段单程低价相加
成功,沈阳,乌鲁木齐,沈阳,2026-06-17,2026-06-27,10,3193,1580,1613,66,68,lowestPrice API 两段单程低价相加
成功,宁波,乌鲁木齐,宁波,2026-06-16,2026-06-26,10,3200,1640,1560,179,134,lowestPrice API 两段单程低价相加
成功,无锡,乌鲁木齐,无锡,2026-06-13,2026-06-23,10,3200,1590,1610,38,36,lowestPrice API 两段单程低价相加
成功,上海,乌鲁木齐,上海,2026-06-21,2026-07-01,10,3200,1640,1560,167,140,lowestPrice API 两段单程低价相加
成功,温州,乌鲁木齐,温州,2026-06-17,2026-06-27,10,3210,1490,1720,55,56,lowestPrice API 两段单程低价相加
成功,扬州,乌鲁木齐,扬州,2026-06-22,2026-07-02,10,3210,1650,1560,129,130,lowestPrice API 两段单程低价相加
成功,沈阳,乌鲁木齐,沈阳,2026-06-19,2026-06-29,10,3213,1600,1613,66,68,lowestPrice API 两段单程低价相加
成功,海口,乌鲁木齐,海口,2026-06-28,2026-07-08,10,3220,1460,1760,60,56,lowestPrice API 两段单程低价相加
成功,福州,乌鲁木齐,福州,2026-06-11,2026-06-21,10,3220,1750,1470,82,67,lowestPrice API 两段单程低价相加
成功,沈阳,乌鲁木齐,沈阳,2026-06-25,2026-07-05,10,3220,1450,1770,66,68,lowestPrice API 两段单程低价相加
成功,南京,乌鲁木齐,南京,2026-06-23,2026-07-03,10,3220,1560,1660,75,75,lowestPrice API 两段单程低价相加
成功,珠海,乌鲁木齐,珠海,2026-06-29,2026-07-09,10,3220,1630,1590,57,61,lowestPrice API 两段单程低价相加
成功,福州,乌鲁木齐,福州,2026-06-17,2026-06-27,10,3225,1615,1610,82,67,lowestPrice API 两段单程低价相加
成功,沈阳,乌鲁木齐,沈阳,2026-06-11,2026-06-21,10,3230,1500,1730,66,68,lowestPrice API 两段单程低价相加
成功,昆明,乌鲁木齐,昆明,2026-06-27,2026-07-07,10,3230,1590,1640,61,52,lowestPrice API 两段单程低价相加
成功,海口,乌鲁木齐,海口,2026-06-23,2026-07-03,10,3230,1560,1670,60,56,lowestPrice API 两段单程低价相加
成功,南京,乌鲁木齐,南京,2026-06-27,2026-07-07,10,3232,1722,1510,75,75,lowestPrice API 两段单程低价相加
成功,沈阳,乌鲁木齐,沈阳,2026-06-12,2026-06-22,10,3235,1830,1405,66,68,lowestPrice API 两段单程低价相加
成功,南京,乌鲁木齐,南京,2026-06-29,2026-07-09,10,3237,1627,1610,75,75,lowestPrice API 两段单程低价相加
成功,徐州,乌鲁木齐,徐州,2026-06-16,2026-06-26,10,3240,1620,1620,70,84,lowestPrice API 两段单程低价相加
成功,哈尔滨,乌鲁木齐,哈尔滨,2026-06-22,2026-07-02,10,3245,1450,1795,45,42,lowestPrice API 两段单程低价相加
成功,上海,乌鲁木齐,上海,2026-06-17,2026-06-27,10,3260,1660,1600,167,140,lowestPrice API 两段单程低价相加
成功,南昌,乌鲁木齐,南昌,2026-06-25,2026-07-05,10,3260,1550,1710,56,47,lowestPrice API 两段单程低价相加
成功,上海,乌鲁木齐,上海,2026-06-19,2026-06-29,10,3265,1715,1550,167,140,lowestPrice API 两段单程低价相加
成功,福州,乌鲁木齐,福州,2026-06-30,2026-07-10,10,3265,1655,1610,82,67,lowestPrice API 两段单程低价相加
成功,深圳,乌鲁木齐,深圳,2026-06-11,2026-06-21,10,3270,1620,1650,104,82,lowestPrice API 两段单程低价相加
成功,扬州,乌鲁木齐,扬州,2026-06-23,2026-07-03,10,3270,1270,2000,129,130,lowestPrice API 两段单程低价相加
成功,义乌,乌鲁木齐,义乌,2026-06-13,2026-06-23,10,3270,1790,1480,34,28,lowestPrice API 两段单程低价相加
成功,义乌,乌鲁木齐,义乌,2026-06-03,2026-06-13,10,3270,1790,1480,34,28,lowestPrice API 两段单程低价相加
成功,扬州,乌鲁木齐,扬州,2026-06-25,2026-07-05,10,3270,1270,2000,129,130,lowestPrice API 两段单程低价相加
成功,南宁,乌鲁木齐,南宁,2026-06-23,2026-07-03,10,3270,1300,1970,56,47,lowestPrice API 两段单程低价相加
成功,大连,乌鲁木齐,大连,2026-06-21,2026-07-01,10,3280,1640,1640,65,63,lowestPrice API 两段单程低价相加
成功,上海,乌鲁木齐,上海,2026-06-20,2026-06-30,10,3280,1680,1600,167,140,lowestPrice API 两段单程低价相加
成功,上海,乌鲁木齐,上海,2026-06-23,2026-07-03,10,3283,1650,1633,167,140,lowestPrice API 两段单程低价相加
成功,南京,乌鲁木齐,南京,2026-06-26,2026-07-06,10,3290,1660,1630,75,75,lowestPrice API 两段单程低价相加
成功,宁波,乌鲁木齐,宁波,2026-06-30,2026-07-10,10,3294,1567,1727,179,134,lowestPrice API 两段单程低价相加
成功,宁波,乌鲁木齐,宁波,2026-06-24,2026-07-04,10,3295,1655,1640,179,134,lowestPrice API 两段单程低价相加
成功,上海,乌鲁木齐,上海,2026-06-12,2026-06-22,10,3297,1757,1540,167,140,lowestPrice API 两段单程低价相加
成功,常州,乌鲁木齐,常州,2026-06-11,2026-06-21,10,3310,1700,1610,55,38,lowestPrice API 两段单程低价相加
成功,南宁,乌鲁木齐,南宁,2026-06-18,2026-06-28,10,3310,1660,1650,56,47,lowestPrice API 两段单程低价相加
成功,无锡,乌鲁木齐,无锡,2026-06-16,2026-06-26,10,3310,1700,1610,38,36,lowestPrice API 两段单程低价相加
成功,三亚,乌鲁木齐,三亚,2026-06-22,2026-07-02,10,3310,1450,1860,49,55,lowestPrice API 两段单程低价相加
成功,烟台,乌鲁木齐,烟台,2026-06-17,2026-06-27,10,3310,1670,1640,39,45,lowestPrice API 两段单程低价相加
成功,扬州,乌鲁木齐,扬州,2026-06-30,2026-07-10,10,3310,1510,1800,129,130,lowestPrice API 两段单程低价相加
成功,宁波,乌鲁木齐,宁波,2026-06-11,2026-06-21,10,3317,1677,1640,179,134,lowestPrice API 两段单程低价相加
成功,无锡,乌鲁木齐,无锡,2026-06-05,2026-06-15,10,3320,1780,1540,38,36,lowestPrice API 两段单程低价相加
成功,长春,乌鲁木齐,长春,2026-06-10,2026-06-20,10,3320,1550,1770,48,45,lowestPrice API 两段单程低价相加
成功,广州,乌鲁木齐,广州,2026-06-25,2026-07-05,10,3320,1570,1750,93,72,lowestPrice API 两段单程低价相加
成功,深圳,乌鲁木齐,深圳,2026-06-23,2026-07-03,10,3320,1450,1870,104,82,lowestPrice API 两段单程低价相加
成功,珠海,乌鲁木齐,珠海,2026-06-18,2026-06-28,10,3320,1680,1640,57,61,lowestPrice API 两段单程低价相加
成功,哈尔滨,乌鲁木齐,哈尔滨,2026-06-26,2026-07-06,10,3330,1450,1880,45,42,lowestPrice API 两段单程低价相加
成功,南京,乌鲁木齐,南京,2026-06-24,2026-07-04,10,3330,1560,1770,75,75,lowestPrice API 两段单程低价相加
成功,宁波,乌鲁木齐,宁波,2026-06-29,2026-07-09,10,3350,1780,1570,179,134,lowestPrice API 两段单程低价相加
成功,合肥,乌鲁木齐,合肥,2026-06-27,2026-07-07,10,3353,1790,1563,65,44,lowestPrice API 两段单程低价相加
成功,三亚,乌鲁木齐,三亚,2026-06-28,2026-07-08,10,3360,1450,1910,49,55,lowestPrice API 两段单程低价相加
成功,南京,乌鲁木齐,南京,2026-06-25,2026-07-05,10,3370,1520,1850,75,75,lowestPrice API 两段单程低价相加
成功,扬州,乌鲁木齐,扬州,2026-06-11,2026-06-21,10,3378,1410,1968,129,130,lowestPrice API 两段单程低价相加
成功,哈尔滨,乌鲁木齐,哈尔滨,2026-06-21,2026-07-01,10,3380,1570,1810,45,42,lowestPrice API 两段单程低价相加
成功,长春,乌鲁木齐,长春,2026-06-18,2026-06-28,10,3380,1740,1640,48,45,lowestPrice API 两段单程低价相加
成功,泉州,乌鲁木齐,泉州,2026-06-11,2026-06-21,10,3380,1730,1650,49,55,lowestPrice API 两段单程低价相加
成功,南京,乌鲁木齐,南京,2026-06-30,2026-07-10,10,3382,1722,1660,75,75,lowestPrice API 两段单程低价相加
成功,温州,乌鲁木齐,温州,2026-06-22,2026-07-02,10,3400,1650,1750,55,56,lowestPrice API 两段单程低价相加
成功,扬州,乌鲁木齐,扬州,2026-06-18,2026-06-28,10,3409,1420,1989,129,130,lowestPrice API 两段单程低价相加
成功,福州,乌鲁木齐,福州,2026-06-25,2026-07-05,10,3412,1610,1802,82,67,lowestPrice API 两段单程低价相加
成功,福州,乌鲁木齐,福州,2026-06-24,2026-07-04,10,3420,1780,1640,82,67,lowestPrice API 两段单程低价相加
成功,广州,乌鲁木齐,广州,2026-06-18,2026-06-28,10,3420,1740,1680,93,72,lowestPrice API 两段单程低价相加
成功,福州,乌鲁木齐,福州,2026-06-29,2026-07-09,10,3430,1820,1610,82,67,lowestPrice API 两段单程低价相加
成功,太原,乌鲁木齐,太原,2026-06-23,2026-07-03,10,3430,1230,2200,64,60,lowestPrice API 两段单程低价相加
成功,徐州,乌鲁木齐,徐州,2026-06-25,2026-07-05,10,3430,1480,1950,70,84,lowestPrice API 两段单程低价相加
成功,徐州,乌鲁木齐,徐州,2026-06-24,2026-07-04,10,3430,1460,1970,70,84,lowestPrice API 两段单程低价相加
成功,长春,乌鲁木齐,长春,2026-06-25,2026-07-05,10,3430,1210,2220,48,45,lowestPrice API 两段单程低价相加
成功,满洲里,乌鲁木齐,满洲里,2026-06-08,2026-06-18,10,3450,1800,1650,22,27,lowestPrice API 两段单程低价相加
成功,泉州,乌鲁木齐,泉州,2026-06-28,2026-07-08,10,3470,1630,1840,49,55,lowestPrice API 两段单程低价相加
成功,泉州,乌鲁木齐,泉州,2026-06-26,2026-07-06,10,3470,1630,1840,49,55,lowestPrice API 两段单程低价相加
成功,合肥,乌鲁木齐,合肥,2026-06-21,2026-07-01,10,3472,1710,1762,65,44,lowestPrice API 两段单程低价相加
成功,扬州,乌鲁木齐,扬州,2026-06-19,2026-06-29,10,3480,2000,1480,129,130,lowestPrice API 两段单程低价相加
成功,大连,乌鲁木齐,大连,2026-06-12,2026-06-22,10,3480,2220,1260,65,63,lowestPrice API 两段单程低价相加
成功,泸州,乌鲁木齐,泸州,2026-06-06,2026-06-16,10,3490,2010,1480,32,29,lowestPrice API 两段单程低价相加
成功,扬州,乌鲁木齐,扬州,2026-06-17,2026-06-27,10,3505,1550,1955,129,130,lowestPrice API 两段单程低价相加
成功,三亚,乌鲁木齐,三亚,2026-06-21,2026-07-01,10,3510,1650,1860,49,55,lowestPrice API 两段单程低价相加
成功,北京,乌鲁木齐,北京,2026-06-28,2026-07-08,10,3520,2190,1330,103,99,lowestPrice API 两段单程低价相加
成功,合肥,乌鲁木齐,合肥,2026-06-25,2026-07-05,10,3520,1550,1970,65,44,lowestPrice API 两段单程低价相加
成功,合肥,乌鲁木齐,合肥,2026-06-18,2026-06-28,10,3520,1780,1740,65,44,lowestPrice API 两段单程低价相加
成功,上海,乌鲁木齐,上海,2026-06-11,2026-06-21,10,3530,1620,1910,167,140,lowestPrice API 两段单程低价相加
成功,长春,乌鲁木齐,长春,2026-06-21,2026-07-01,10,3550,1810,1740,48,45,lowestPrice API 两段单程低价相加
成功,南昌,乌鲁木齐,南昌,2026-06-30,2026-07-10,10,3560,1760,1800,56,47,lowestPrice API 两段单程低价相加
成功,台州,乌鲁木齐,台州,2026-06-14,2026-06-24,10,3563,1720,1843,52,36,lowestPrice API 两段单程低价相加
成功,烟台,乌鲁木齐,烟台,2026-06-26,2026-07-06,10,3570,1600,1970,39,45,lowestPrice API 两段单程低价相加
成功,汕头,乌鲁木齐,汕头,2026-06-24,2026-07-04,10,3570,1550,2020,38,42,lowestPrice API 两段单程低价相加
成功,福州,乌鲁木齐,福州,2026-06-26,2026-07-06,10,3610,1830,1780,82,67,lowestPrice API 两段单程低价相加
成功,宁波,乌鲁木齐,宁波,2026-06-26,2026-07-06,10,3610,1760,1850,179,134,lowestPrice API 两段单程低价相加
成功,福州,乌鲁木齐,福州,2026-06-28,2026-07-08,10,3610,1830,1780,82,67,lowestPrice API 两段单程低价相加
成功,汕头,乌鲁木齐,汕头,2026-06-29,2026-07-09,10,3620,1700,1920,38,42,lowestPrice API 两段单程低价相加
成功,宁波,乌鲁木齐,宁波,2026-06-27,2026-07-07,10,3650,1800,1850,179,134,lowestPrice API 两段单程低价相加
成功,台州,乌鲁木齐,台州,2026-06-22,2026-07-02,10,3652,1915,1737,52,36,lowestPrice API 两段单程低价相加
成功,宁波,乌鲁木齐,宁波,2026-06-21,2026-07-01,10,3653,1710,1943,179,134,lowestPrice API 两段单程低价相加
成功,泉州,乌鲁木齐,泉州,2026-06-18,2026-06-28,10,3660,1740,1920,49,55,lowestPrice API 两段单程低价相加
成功,三亚,乌鲁木齐,三亚,2026-06-30,2026-07-10,10,3660,1630,2030,49,55,lowestPrice API 两段单程低价相加
成功,威海,乌鲁木齐,威海,2026-06-08,2026-06-18,10,3660,1830,1830,30,26,lowestPrice API 两段单程低价相加
成功,宁波,乌鲁木齐,宁波,2026-06-25,2026-07-05,10,3670,1740,1930,179,134,lowestPrice API 两段单程低价相加
成功,徐州,乌鲁木齐,徐州,2026-06-27,2026-07-07,10,3678,1850,1828,70,84,lowestPrice API 两段单程低价相加
成功,温州,乌鲁木齐,温州,2026-06-21,2026-07-01,10,3680,1740,1940,55,56,lowestPrice API 两段单程低价相加
成功,宁波,乌鲁木齐,宁波,2026-06-28,2026-07-08,10,3683,1740,1943,179,134,lowestPrice API 两段单程低价相加
成功,威海,乌鲁木齐,威海,2026-06-07,2026-06-17,10,3690,1830,1860,30,26,lowestPrice API 两段单程低价相加
成功,宁波,乌鲁木齐,宁波,2026-06-23,2026-07-03,10,3713,1770,1943,179,134,lowestPrice API 两段单程低价相加
成功,汕头,乌鲁木齐,汕头,2026-06-23,2026-07-03,10,3740,1700,2040,38,42,lowestPrice API 两段单程低价相加
成功,北京,乌鲁木齐,北京,2026-06-02,2026-06-12,10,3745,2500,1245,103,99,lowestPrice API 两段单程低价相加
成功,无锡,乌鲁木齐,无锡,2026-06-20,2026-06-30,10,3750,1740,2010,38,36,lowestPrice API 两段单程低价相加
成功,满洲里,乌鲁木齐,满洲里,2026-06-13,2026-06-23,10,3760,1990,1770,22,27,lowestPrice API 两段单程低价相加
成功,泉州,乌鲁木齐,泉州,2026-06-30,2026-07-10,10,3775,1695,2080,49,55,lowestPrice API 两段单程低价相加
成功,北京,乌鲁木齐,北京,2026-06-10,2026-06-20,10,3780,2500,1280,103,99,lowestPrice API 两段单程低价相加
成功,烟台,乌鲁木齐,烟台,2026-06-24,2026-07-04,10,3783,1360,2423,39,45,lowestPrice API 两段单程低价相加
成功,扬州,乌鲁木齐,扬州,2026-06-28,2026-07-08,10,3800,2000,1800,129,130,lowestPrice API 两段单程低价相加
成功,扬州,乌鲁木齐,扬州,2026-06-26,2026-07-06,10,3800,2000,1800,129,130,lowestPrice API 两段单程低价相加
成功,汕头,乌鲁木齐,汕头,2026-06-28,2026-07-08,10,3810,1890,1920,38,42,lowestPrice API 两段单程低价相加
成功,温州,乌鲁木齐,温州,2026-06-28,2026-07-08,10,3852,1800,2052,55,56,lowestPrice API 两段单程低价相加
成功,南通,乌鲁木齐,南通,2026-06-20,2026-06-30,10,3920,1920,2000,44,34,lowestPrice API 两段单程低价相加
成功,襄阳,乌鲁木齐,襄阳,2026-06-09,2026-06-19,10,3928,2610,1318,36,31,lowestPrice API 两段单程低价相加
成功,台州,乌鲁木齐,台州,2026-06-23,2026-07-03,10,3937,2200,1737,52,36,lowestPrice API 两段单程低价相加
成功,扬州,乌鲁木齐,扬州,2026-06-29,2026-07-09,10,3940,2000,1940,129,130,lowestPrice API 两段单程低价相加
成功,襄阳,乌鲁木齐,襄阳,2026-06-02,2026-06-12,10,3990,2600,1390,36,31,lowestPrice API 两段单程低价相加
成功,满洲里,乌鲁木齐,满洲里,2026-06-12,2026-06-22,10,4080,2310,1770,22,27,lowestPrice API 两段单程低价相加
成功,襄阳,乌鲁木齐,襄阳,2026-06-04,2026-06-14,10,4099,2720,1379,36,31,lowestPrice API 两段单程低价相加
成功,常州,乌鲁木齐,常州,2026-06-22,2026-07-02,10,4140,1610,2530,55,38,lowestPrice API 两段单程低价相加
成功,常州,乌鲁木齐,常州,2026-06-24,2026-07-04,10,4140,1610,2530,55,38,lowestPrice API 两段单程低价相加
成功,台州,乌鲁木齐,台州,2026-06-28,2026-07-08,10,4235,1915,2320,52,36,lowestPrice API 两段单程低价相加
成功,常州,乌鲁木齐,常州,2026-06-27,2026-07-07,10,4295,1765,2530,55,38,lowestPrice API 两段单程低价相加
成功,威海,乌鲁木齐,威海,2026-06-11,2026-06-21,10,4370,2170,2200,30,26,lowestPrice API 两段单程低价相加
成功,北京,乌鲁木齐,北京,2026-06-20,2026-06-30,10,4380,3050,1330,103,99,lowestPrice API 两段单程低价相加
成功,威海,乌鲁木齐,威海,2026-06-23,2026-07-03,10,4520,1940,2580,30,26,lowestPrice API 两段单程低价相加
成功,满洲里,乌鲁木齐,满洲里,2026-06-18,2026-06-28,10,4570,2150,2420,22,27,lowestPrice API 两段单程低价相加
成功,宜昌,乌鲁木齐,宜昌,2026-06-12,2026-06-22,10,4620,1560,3060,30,29,lowestPrice API 两段单程低价相加
成功,台州,乌鲁木齐,台州,2026-06-25,2026-07-05,10,4690,2260,2430,52,36,lowestPrice API 两段单程低价相加
成功,威海,乌鲁木齐,威海,2026-06-25,2026-07-05,10,4710,2050,2660,30,26,lowestPrice API 两段单程低价相加
成功,满洲里,乌鲁木齐,满洲里,2026-06-28,2026-07-08,10,4800,2100,2700,22,27,lowestPrice API 两段单程低价相加
成功,南通,乌鲁木齐,南通,2026-06-22,2026-07-02,10,4890,1740,3150,44,34,lowestPrice API 两段单程低价相加
成功,威海,乌鲁木齐,威海,2026-06-21,2026-07-01,10,5245,2790,2455,30,26,lowestPrice API 两段单程低价相加
成功,张家界,乌鲁木齐,张家界,2026-06-24,2026-07-04,10,5270,1250,4020,24,30,lowestPrice API 两段单程低价相加
返程无价格,北京,乌鲁木齐,北京,2026-06-06,2026-06-16,10,,1370,,103,99,lowestPrice API 未返回完整往返日期价格
去程无价格,北京,乌鲁木齐,北京,2026-06-08,2026-06-18,10,,,1350,103,99,lowestPrice API 未返回完整往返日期价格
去程无价格,北京,乌鲁木齐,北京,2026-06-11,2026-06-21,10,,,1490,103,99,lowestPrice API 未返回完整往返日期价格
返程无价格,北京,乌鲁木齐,北京,2026-06-13,2026-06-23,10,,1475,,103,99,lowestPrice API 未返回完整往返日期价格
去程无价格,北京,乌鲁木齐,北京,2026-06-30,2026-07-10,10,,,1420,103,99,lowestPrice API 未返回完整往返日期价格
去程无价格,上海,乌鲁木齐,上海,2026-06-10,2026-06-20,10,,,1550,167,140,lowestPrice API 未返回完整往返日期价格
去程无价格,上海,乌鲁木齐,上海,2026-06-18,2026-06-28,10,,,1600,167,140,lowestPrice API 未返回完整往返日期价格
去程无价格,上海,乌鲁木齐,上海,2026-06-26,2026-07-06,10,,,1633,167,140,lowestPrice API 未返回完整往返日期价格
去程无价格,上海,乌鲁木齐,上海,2026-06-30,2026-07-10,10,,,1633,167,140,lowestPrice API 未返回完整往返日期价格
返程无价格,广州,乌鲁木齐,广州,2026-06-02,2026-06-12,10,,1450,,93,72,lowestPrice API 未返回完整往返日期价格
返程无价格,广州,乌鲁木齐,广州,2026-06-03,2026-06-13,10,,1210,,93,72,lowestPrice API 未返回完整往返日期价格
去程无价格,广州,乌鲁木齐,广州,2026-06-06,2026-06-16,10,,,1210,93,72,lowestPrice API 未返回完整往返日期价格
返程无价格,广州,乌鲁木齐,广州,2026-06-07,2026-06-17,10,,1450,,93,72,lowestPrice API 未返回完整往返日期价格
去程无价格；返程无价格,广州,乌鲁木齐,广州,2026-06-10,2026-06-20,10,,,,93,72,lowestPrice API 未返回完整往返日期价格
去程无价格,广州,乌鲁木齐,广州,2026-06-14,2026-06-24,10,,,1230,93,72,lowestPrice API 未返回完整往返日期价格
返程无价格,广州,乌鲁木齐,广州,2026-06-19,2026-06-29,10,,1590,,93,72,lowestPrice API 未返回完整往返日期价格
去程无价格,广州,乌鲁木齐,广州,2026-06-23,2026-07-03,10,,,1760,93,72,lowestPrice API 未返回完整往返日期价格
去程无价格,广州,乌鲁木齐,广州,2026-06-24,2026-07-04,10,,,1760,93,72,lowestPrice API 未返回完整往返日期价格
去程无价格；返程无价格,广州,乌鲁木齐,广州,2026-06-26,2026-07-06,10,,,,93,72,lowestPrice API 未返回完整往返日期价格
返程无价格,广州,乌鲁木齐,广州,2026-06-27,2026-07-07,10,,1880,,93,72,lowestPrice API 未返回完整往返日期价格
去程无价格,广州,乌鲁木齐,广州,2026-06-30,2026-07-10,10,,,1760,93,72,lowestPrice API 未返回完整往返日期价格
返程无价格,深圳,乌鲁木齐,深圳,2026-06-02,2026-06-12,10,,1460,,104,82,lowestPrice API 未返回完整往返日期价格
返程无价格,深圳,乌鲁木齐,深圳,2026-06-03,2026-06-13,10,,1460,,104,82,lowestPrice API 未返回完整往返日期价格
去程无价格；返程无价格,深圳,乌鲁木齐,深圳,2026-06-05,2026-06-15,10,,,,104,82,lowestPrice API 未返回完整往返日期价格
去程无价格；返程无价格,深圳,乌鲁木齐,深圳,2026-06-07,2026-06-17,10,,,,104,82,lowestPrice API 未返回完整往返日期价格
去程无价格,深圳,乌鲁木齐,深圳,2026-06-08,2026-06-18,10,,,1290,104,82,lowestPrice API 未返回完整往返日期价格
返程无价格,深圳,乌鲁木齐,深圳,2026-06-09,2026-06-19,10,,1480,,104,82,lowestPrice API 未返回完整往返日期价格
去程无价格,深圳,乌鲁木齐,深圳,2026-06-10,2026-06-20,10,,,1630,104,82,lowestPrice API 未返回完整往返日期价格
去程无价格；返程无价格,深圳,乌鲁木齐,深圳,2026-06-12,2026-06-22,10,,,,104,82,lowestPrice API 未返回完整往返日期价格
返程无价格,深圳,乌鲁木齐,深圳,2026-06-13,2026-06-23,10,,1550,,104,82,lowestPrice API 未返回完整往返日期价格
返程无价格,深圳,乌鲁木齐,深圳,2026-06-14,2026-06-24,10,,1630,,104,82,lowestPrice API 未返回完整往返日期价格
去程无价格,深圳,乌鲁木齐,深圳,2026-06-15,2026-06-25,10,,,1430,104,82,lowestPrice API 未返回完整往返日期价格
去程无价格,深圳,乌鲁木齐,深圳,2026-06-17,2026-06-27,10,,,1500,104,82,lowestPrice API 未返回完整往返日期价格
返程无价格,深圳,乌鲁木齐,深圳,2026-06-18,2026-06-28,10,,1780,,104,82,lowestPrice API 未返回完整往返日期价格
去程无价格；返程无价格,深圳,乌鲁木齐,深圳,2026-06-19,2026-06-29,10,,,,104,82,lowestPrice API 未返回完整往返日期价格
去程无价格,深圳,乌鲁木齐,深圳,2026-06-21,2026-07-01,10,,,1740,104,82,lowestPrice API 未返回完整往返日期价格
去程无价格,深圳,乌鲁木齐,深圳,2026-06-22,2026-07-02,10,,,1770,104,82,lowestPrice API 未返回完整往返日期价格
去程无价格,深圳,乌鲁木齐,深圳,2026-06-24,2026-07-04,10,,,1870,104,82,lowestPrice API 未返回完整往返日期价格
去程无价格,成都,乌鲁木齐,成都,2026-06-01,2026-06-11,10,,,760,172,130,lowestPrice API 未返回完整往返日期价格
返程无价格,成都,乌鲁木齐,成都,2026-06-12,2026-06-22,10,,1350,,172,130,lowestPrice API 未返回完整往返日期价格
返程无价格,成都,乌鲁木齐,成都,2026-06-14,2026-06-24,10,,1280,,172,130,lowestPrice API 未返回完整往返日期价格
返程无价格,成都,乌鲁木齐,成都,2026-06-15,2026-06-25,10,,1200,,172,130,lowestPrice API 未返回完整往返日期价格
返程无价格,成都,乌鲁木齐,成都,2026-06-18,2026-06-28,10,,1300,,172,130,lowestPrice API 未返回完整往返日期价格
返程无价格,成都,乌鲁木齐,成都,2026-06-21,2026-07-01,10,,1350,,172,130,lowestPrice API 未返回完整往返日期价格
返程无价格,重庆,乌鲁木齐,重庆,2026-06-08,2026-06-18,10,,1060,,108,101,lowestPrice API 未返回完整往返日期价格
去程无价格,重庆,乌鲁木齐,重庆,2026-06-09,2026-06-19,10,,,1200,108,101,lowestPrice API 未返回完整往返日期价格
去程无价格,重庆,乌鲁木齐,重庆,2026-06-10,2026-06-20,10,,,1080,108,101,lowestPrice API 未返回完整往返日期价格
返程无价格,重庆,乌鲁木齐,重庆,2026-06-11,2026-06-21,10,,1120,,108,101,lowestPrice API 未返回完整往返日期价格
返程无价格,重庆,乌鲁木齐,重庆,2026-06-12,2026-06-22,10,,1290,,108,101,lowestPrice API 未返回完整往返日期价格
返程无价格,重庆,乌鲁木齐,重庆,2026-06-13,2026-06-23,10,,1220,,108,101,lowestPrice API 未返回完整往返日期价格
返程无价格,重庆,乌鲁木齐,重庆,2026-06-16,2026-06-26,10,,1220,,108,101,lowestPrice API 未返回完整往返日期价格
返程无价格,重庆,乌鲁木齐,重庆,2026-06-17,2026-06-27,10,,1215,,108,101,lowestPrice API 未返回完整往返日期价格
去程无价格,重庆,乌鲁木齐,重庆,2026-06-18,2026-06-28,10,,,1239,108,101,lowestPrice API 未返回完整往返日期价格
去程无价格,重庆,乌鲁木齐,重庆,2026-06-19,2026-06-29,10,,,1160,108,101,lowestPrice API 未返回完整往返日期价格
去程无价格,重庆,乌鲁木齐,重庆,2026-06-26,2026-07-06,10,,,1160,108,101,lowestPrice API 未返回完整往返日期价格
去程无价格,重庆,乌鲁木齐,重庆,2026-06-29,2026-07-09,10,,,1200,108,101,lowestPrice API 未返回完整往返日期价格
返程无价格,西安,乌鲁木齐,西安,2026-06-19,2026-06-29,10,,1300,,179,133,lowestPrice API 未返回完整往返日期价格
去程无价格,杭州,乌鲁木齐,杭州,2026-06-01,2026-06-11,10,,,1120,87,75,lowestPrice API 未返回完整往返日期价格
返程无价格,杭州,乌鲁木齐,杭州,2026-06-03,2026-06-13,10,,1460,,87,75,lowestPrice API 未返回完整往返日期价格
去程无价格；返程无价格,杭州,乌鲁木齐,杭州,2026-06-05,2026-06-15,10,,,,87,75,lowestPrice API 未返回完整往返日期价格
去程无价格；返程无价格,杭州,乌鲁木齐,杭州,2026-06-06,2026-06-16,10,,,,87,75,lowestPrice API 未返回完整往返日期价格
返程无价格,杭州,乌鲁木齐,杭州,2026-06-07,2026-06-17,10,,1250,,87,75,lowestPrice API 未返回完整往返日期价格
返程无价格,杭州,乌鲁木齐,杭州,2026-06-08,2026-06-18,10,,1250,,87,75,lowestPrice API 未返回完整往返日期价格
去程无价格,杭州,乌鲁木齐,杭州,2026-06-09,2026-06-19,10,,,1310,87,75,lowestPrice API 未返回完整往返日期价格
去程无价格,杭州,乌鲁木齐,杭州,2026-06-10,2026-06-20,10,,,1370,87,75,lowestPrice API 未返回完整往返日期价格
去程无价格,杭州,乌鲁木齐,杭州,2026-06-11,2026-06-21,10,,,1420,87,75,lowestPrice API 未返回完整往返日期价格
返程无价格,杭州,乌鲁木齐,杭州,2026-06-12,2026-06-22,10,,1590,,87,75,lowestPrice API 未返回完整往返日期价格
去程无价格；返程无价格,杭州,乌鲁木齐,杭州,2026-06-14,2026-06-24,10,,,,87,75,lowestPrice API 未返回完整往返日期价格
去程无价格,杭州,乌鲁木齐,杭州,2026-06-15,2026-06-25,10,,,1420,87,75,lowestPrice API 未返回完整往返日期价格
去程无价格；返程无价格,杭州,乌鲁木齐,杭州,2026-06-16,2026-06-26,10,,,,87,75,lowestPrice API 未返回完整往返日期价格
返程无价格,杭州,乌鲁木齐,杭州,2026-06-17,2026-06-27,10,,1660,,87,75,lowestPrice API 未返回完整往返日期价格
返程无价格,杭州,乌鲁木齐,杭州,2026-06-18,2026-06-28,10,,1660,,87,75,lowestPrice API 未返回完整往返日期价格
返程无价格,杭州,乌鲁木齐,杭州,2026-06-21,2026-07-01,10,,1310,,87,75,lowestPrice API 未返回完整往返日期价格
去程无价格；返程无价格,杭州,乌鲁木齐,杭州,2026-06-22,2026-07-02,10,,,,87,75,lowestPrice API 未返回完整往返日期价格
去程无价格,杭州,乌鲁木齐,杭州,2026-06-24,2026-07-04,10,,,1660,87,75,lowestPrice API 未返回完整往返日期价格
去程无价格,杭州,乌鲁木齐,杭州,2026-06-26,2026-07-06,10,,,1570,87,75,lowestPrice API 未返回完整往返日期价格
去程无价格；返程无价格,杭州,乌鲁木齐,杭州,2026-06-28,2026-07-08,10,,,,87,75,lowestPrice API 未返回完整往返日期价格
返程无价格,杭州,乌鲁木齐,杭州,2026-06-29,2026-07-09,10,,1530,,87,75,lowestPrice API 未返回完整往返日期价格
返程无价格,南京,乌鲁木齐,南京,2026-06-01,2026-06-11,10,,1400,,75,75,lowestPrice API 未返回完整往返日期价格
去程无价格,南京,乌鲁木齐,南京,2026-06-02,2026-06-12,10,,,1160,75,75,lowestPrice API 未返回完整往返日期价格
返程无价格,南京,乌鲁木齐,南京,2026-06-03,2026-06-13,10,,1290,,75,75,lowestPrice API 未返回完整往返日期价格
去程无价格,南京,乌鲁木齐,南京,2026-06-08,2026-06-18,10,,,1350,75,75,lowestPrice API 未返回完整往返日期价格
去程无价格；返程无价格,南京,乌鲁木齐,南京,2026-06-11,2026-06-21,10,,,,75,75,lowestPrice API 未返回完整往返日期价格
返程无价格,南京,乌鲁木齐,南京,2026-06-13,2026-06-23,10,,1510,,75,75,lowestPrice API 未返回完整往返日期价格
去程无价格,南京,乌鲁木齐,南京,2026-06-18,2026-06-28,10,,,1460,75,75,lowestPrice API 未返回完整往返日期价格
去程无价格,南京,乌鲁木齐,南京,2026-06-19,2026-06-29,10,,,1460,75,75,lowestPrice API 未返回完整往返日期价格
去程无价格,南京,乌鲁木齐,南京,2026-06-20,2026-06-30,10,,,1405,75,75,lowestPrice API 未返回完整往返日期价格
去程无价格,武汉,乌鲁木齐,武汉,2026-06-01,2026-06-11,10,,,1170,81,75,lowestPrice API 未返回完整往返日期价格
返程无价格,武汉,乌鲁木齐,武汉,2026-06-02,2026-06-12,10,,1400,,81,75,lowestPrice API 未返回完整往返日期价格
去程无价格,武汉,乌鲁木齐,武汉,2026-06-03,2026-06-13,10,,,1240,81,75,lowestPrice API 未返回完整往返日期价格
返程无价格,武汉,乌鲁木齐,武汉,2026-06-05,2026-06-15,10,,1400,,81,75,lowestPrice API 未返回完整往返日期价格
去程无价格,武汉,乌鲁木齐,武汉,2026-06-08,2026-06-18,10,,,1360,81,75,lowestPrice API 未返回完整往返日期价格
返程无价格,武汉,乌鲁木齐,武汉,2026-06-09,2026-06-19,10,,1230,,81,75,lowestPrice API 未返回完整往返日期价格
去程无价格,武汉,乌鲁木齐,武汉,2026-06-10,2026-06-20,10,,,1460,81,75,lowestPrice API 未返回完整往返日期价格
返程无价格,武汉,乌鲁木齐,武汉,2026-06-12,2026-06-22,10,,1397,,81,75,lowestPrice API 未返回完整往返日期价格
返程无价格,武汉,乌鲁木齐,武汉,2026-06-13,2026-06-23,10,,1300,,81,75,lowestPrice API 未返回完整往返日期价格
返程无价格,武汉,乌鲁木齐,武汉,2026-06-16,2026-06-26,10,,1320,,81,75,lowestPrice API 未返回完整往返日期价格
返程无价格,武汉,乌鲁木齐,武汉,2026-06-20,2026-06-30,10,,1220,,81,75,lowestPrice API 未返回完整往返日期价格
返程无价格,武汉,乌鲁木齐,武汉,2026-06-21,2026-07-01,10,,1480,,81,75,lowestPrice API 未返回完整往返日期价格
去程无价格,武汉,乌鲁木齐,武汉,2026-06-25,2026-07-05,10,,,1760,81,75,lowestPrice API 未返回完整往返日期价格
去程无价格,武汉,乌鲁木齐,武汉,2026-06-28,2026-07-08,10,,,1550,81,75,lowestPrice API 未返回完整往返日期价格
去程无价格,武汉,乌鲁木齐,武汉,2026-06-29,2026-07-09,10,,,1550,81,75,lowestPrice API 未返回完整往返日期价格
返程无价格,武汉,乌鲁木齐,武汉,2026-06-30,2026-07-10,10,,1320,,81,75,lowestPrice API 未返回完整往返日期价格
去程无价格,长沙,乌鲁木齐,长沙,2026-06-03,2026-06-13,10,,,1060,62,71,lowestPrice API 未返回完整往返日期价格
去程无价格,长沙,乌鲁木齐,长沙,2026-06-08,2026-06-18,10,,,1270,62,71,lowestPrice API 未返回完整往返日期价格
返程无价格,长沙,乌鲁木齐,长沙,2026-06-13,2026-06-23,10,,1250,,62,71,lowestPrice API 未返回完整往返日期价格
返程无价格,长沙,乌鲁木齐,长沙,2026-06-15,2026-06-25,10,,1250,,62,71,lowestPrice API 未返回完整往返日期价格
去程无价格；返程无价格,长沙,乌鲁木齐,长沙,2026-06-23,2026-07-03,10,,,,62,71,lowestPrice API 未返回完整往返日期价格
去程无价格；返程无价格,郑州,乌鲁木齐,郑州,2026-06-02,2026-06-12,10,,,,94,86,lowestPrice API 未返回完整往返日期价格
返程无价格,郑州,乌鲁木齐,郑州,2026-06-05,2026-06-15,10,,1130,,94,86,lowestPrice API 未返回完整往返日期价格
返程无价格,郑州,乌鲁木齐,郑州,2026-06-06,2026-06-16,10,,1190,,94,86,lowestPrice API 未返回完整往返日期价格
去程无价格,郑州,乌鲁木齐,郑州,2026-06-13,2026-06-23,10,,,1020,94,86,lowestPrice API 未返回完整往返日期价格
返程无价格,郑州,乌鲁木齐,郑州,2026-06-15,2026-06-25,10,,1130,,94,86,lowestPrice API 未返回完整往返日期价格
去程无价格,郑州,乌鲁木齐,郑州,2026-06-16,2026-06-26,10,,,1110,94,86,lowestPrice API 未返回完整往返日期价格
返程无价格,郑州,乌鲁木齐,郑州,2026-06-19,2026-06-29,10,,1240,,94,86,lowestPrice API 未返回完整往返日期价格
去程无价格,郑州,乌鲁木齐,郑州,2026-06-24,2026-07-04,10,,,1460,94,86,lowestPrice API 未返回完整往返日期价格
去程无价格,郑州,乌鲁木齐,郑州,2026-06-25,2026-07-05,10,,,1520,94,86,lowestPrice API 未返回完整往返日期价格
返程无价格,郑州,乌鲁木齐,郑州,2026-06-27,2026-07-07,10,,1330,,94,86,lowestPrice API 未返回完整往返日期价格
返程无价格,济南,乌鲁木齐,济南,2026-06-04,2026-06-14,10,,1250,,76,68,lowestPrice API 未返回完整往返日期价格
去程无价格；返程无价格,济南,乌鲁木齐,济南,2026-06-05,2026-06-15,10,,,,76,68,lowestPrice API 未返回完整往返日期价格
去程无价格,济南,乌鲁木齐,济南,2026-06-06,2026-06-16,10,,,1270,76,68,lowestPrice API 未返回完整往返日期价格
去程无价格；返程无价格,济南,乌鲁木齐,济南,2026-06-07,2026-06-17,10,,,,76,68,lowestPrice API 未返回完整往返日期价格
去程无价格,济南,乌鲁木齐,济南,2026-06-08,2026-06-18,10,,,1320,76,68,lowestPrice API 未返回完整往返日期价格
去程无价格,济南,乌鲁木齐,济南,2026-06-10,2026-06-20,10,,,1390,76,68,lowestPrice API 未返回完整往返日期价格
返程无价格,济南,乌鲁木齐,济南,2026-06-12,2026-06-22,10,,1480,,76,68,lowestPrice API 未返回完整往返日期价格
返程无价格,济南,乌鲁木齐,济南,2026-06-17,2026-06-27,10,,1540,,76,68,lowestPrice API 未返回完整往返日期价格
去程无价格,济南,乌鲁木齐,济南,2026-06-18,2026-06-28,10,,,1470,76,68,lowestPrice API 未返回完整往返日期价格
返程无价格,济南,乌鲁木齐,济南,2026-06-19,2026-06-29,10,,1240,,76,68,lowestPrice API 未返回完整往返日期价格
返程无价格,济南,乌鲁木齐,济南,2026-06-21,2026-07-01,10,,1240,,76,68,lowestPrice API 未返回完整往返日期价格
去程无价格,济南,乌鲁木齐,济南,2026-06-22,2026-07-02,10,,,1335,76,68,lowestPrice API 未返回完整往返日期价格
去程无价格,济南,乌鲁木齐,济南,2026-06-23,2026-07-03,10,,,1470,76,68,lowestPrice API 未返回完整往返日期价格
去程无价格,济南,乌鲁木齐,济南,2026-06-27,2026-07-07,10,,,1470,76,68,lowestPrice API 未返回完整往返日期价格
返程无价格,青岛,乌鲁木齐,青岛,2026-06-05,2026-06-15,10,,1670,,88,82,lowestPrice API 未返回完整往返日期价格
去程无价格,青岛,乌鲁木齐,青岛,2026-06-06,2026-06-16,10,,,1230,88,82,lowestPrice API 未返回完整往返日期价格
去程无价格,青岛,乌鲁木齐,青岛,2026-06-07,2026-06-17,10,,,1250,88,82,lowestPrice API 未返回完整往返日期价格
去程无价格,青岛,乌鲁木齐,青岛,2026-06-08,2026-06-18,10,,,1410,88,82,lowestPrice API 未返回完整往返日期价格
返程无价格,青岛,乌鲁木齐,青岛,2026-06-15,2026-06-25,10,,1340,,88,82,lowestPrice API 未返回完整往返日期价格
返程无价格,青岛,乌鲁木齐,青岛,2026-06-16,2026-06-26,10,,1380,,88,82,lowestPrice API 未返回完整往返日期价格
返程无价格,青岛,乌鲁木齐,青岛,2026-06-19,2026-06-29,10,,1100,,88,82,lowestPrice API 未返回完整往返日期价格
去程无价格,青岛,乌鲁木齐,青岛,2026-06-23,2026-07-03,10,,,1580,88,82,lowestPrice API 未返回完整往返日期价格
去程无价格,青岛,乌鲁木齐,青岛,2026-06-25,2026-07-05,10,,,1580,88,82,lowestPrice API 未返回完整往返日期价格
去程无价格；返程无价格,青岛,乌鲁木齐,青岛,2026-06-29,2026-07-09,10,,,,88,82,lowestPrice API 未返回完整往返日期价格
去程无价格,青岛,乌鲁木齐,青岛,2026-06-30,2026-07-10,10,,,1580,88,82,lowestPrice API 未返回完整往返日期价格
返程无价格,厦门,乌鲁木齐,厦门,2026-06-01,2026-06-11,10,,1070,,96,100,lowestPrice API 未返回完整往返日期价格
去程无价格,厦门,乌鲁木齐,厦门,2026-06-02,2026-06-12,10,,,1210,96,100,lowestPrice API 未返回完整往返日期价格
去程无价格,厦门,乌鲁木齐,厦门,2026-06-03,2026-06-13,10,,,1310,96,100,lowestPrice API 未返回完整往返日期价格
去程无价格,厦门,乌鲁木齐,厦门,2026-06-05,2026-06-15,10,,,1280,96,100,lowestPrice API 未返回完整往返日期价格
去程无价格,厦门,乌鲁木齐,厦门,2026-06-07,2026-06-17,10,,,1330,96,100,lowestPrice API 未返回完整往返日期价格
返程无价格,厦门,乌鲁木齐,厦门,2026-06-08,2026-06-18,10,,1220,,96,100,lowestPrice API 未返回完整往返日期价格
去程无价格,厦门,乌鲁木齐,厦门,2026-06-09,2026-06-19,10,,,1480,96,100,lowestPrice API 未返回完整往返日期价格
去程无价格；返程无价格,厦门,乌鲁木齐,厦门,2026-06-10,2026-06-20,10,,,,96,100,lowestPrice API 未返回完整往返日期价格
去程无价格,厦门,乌鲁木齐,厦门,2026-06-11,2026-06-21,10,,,1690,96,100,lowestPrice API 未返回完整往返日期价格
去程无价格,厦门,乌鲁木齐,厦门,2026-06-12,2026-06-22,10,,,1430,96,100,lowestPrice API 未返回完整往返日期价格
返程无价格,厦门,乌鲁木齐,厦门,2026-06-13,2026-06-23,10,,1655,,96,100,lowestPrice API 未返回完整往返日期价格
去程无价格,厦门,乌鲁木齐,厦门,2026-06-16,2026-06-26,10,,,1490,96,100,lowestPrice API 未返回完整往返日期价格
去程无价格,厦门,乌鲁木齐,厦门,2026-06-17,2026-06-27,10,,,1460,96,100,lowestPrice API 未返回完整往返日期价格
返程无价格,厦门,乌鲁木齐,厦门,2026-06-18,2026-06-28,10,,1680,,96,100,lowestPrice API 未返回完整往返日期价格
返程无价格,厦门,乌鲁木齐,厦门,2026-06-19,2026-06-29,10,,1580,,96,100,lowestPrice API 未返回完整往返日期价格
去程无价格,厦门,乌鲁木齐,厦门,2026-06-20,2026-06-30,10,,,1460,96,100,lowestPrice API 未返回完整往返日期价格
去程无价格,厦门,乌鲁木齐,厦门,2026-06-21,2026-07-01,10,,,1630,96,100,lowestPrice API 未返回完整往返日期价格
去程无价格,厦门,乌鲁木齐,厦门,2026-06-22,2026-07-02,10,,,1620,96,100,lowestPrice API 未返回完整往返日期价格
去程无价格,厦门,乌鲁木齐,厦门,2026-06-23,2026-07-03,10,,,1860,96,100,lowestPrice API 未返回完整往返日期价格
去程无价格,厦门,乌鲁木齐,厦门,2026-06-24,2026-07-04,10,,,1810,96,100,lowestPrice API 未返回完整往返日期价格
去程无价格,厦门,乌鲁木齐,厦门,2026-06-25,2026-07-05,10,,,1720,96,100,lowestPrice API 未返回完整往返日期价格
去程无价格,厦门,乌鲁木齐,厦门,2026-06-26,2026-07-06,10,,,1750,96,100,lowestPrice API 未返回完整往返日期价格
去程无价格,厦门,乌鲁木齐,厦门,2026-06-27,2026-07-07,10,,,1630,96,100,lowestPrice API 未返回完整往返日期价格
去程无价格,厦门,乌鲁木齐,厦门,2026-06-28,2026-07-08,10,,,1630,96,100,lowestPrice API 未返回完整往返日期价格
去程无价格,厦门,乌鲁木齐,厦门,2026-06-29,2026-07-09,10,,,1630,96,100,lowestPrice API 未返回完整往返日期价格
去程无价格,厦门,乌鲁木齐,厦门,2026-06-30,2026-07-10,10,,,1720,96,100,lowestPrice API 未返回完整往返日期价格
去程无价格；返程无价格,福州,乌鲁木齐,福州,2026-06-02,2026-06-12,10,,,,82,67,lowestPrice API 未返回完整往返日期价格
返程无价格,福州,乌鲁木齐,福州,2026-06-06,2026-06-16,10,,1560,,82,67,lowestPrice API 未返回完整往返日期价格
返程无价格,福州,乌鲁木齐,福州,2026-06-10,2026-06-20,10,,1480,,82,67,lowestPrice API 未返回完整往返日期价格
返程无价格,福州,乌鲁木齐,福州,2026-06-15,2026-06-25,10,,1380,,82,67,lowestPrice API 未返回完整往返日期价格
去程无价格,福州,乌鲁木齐,福州,2026-06-16,2026-06-26,10,,,1560,82,67,lowestPrice API 未返回完整往返日期价格
去程无价格,福州,乌鲁木齐,福州,2026-06-18,2026-06-28,10,,,1570,82,67,lowestPrice API 未返回完整往返日期价格
返程无价格,福州,乌鲁木齐,福州,2026-06-19,2026-06-29,10,,1610,,82,67,lowestPrice API 未返回完整往返日期价格
去程无价格,福州,乌鲁木齐,福州,2026-06-21,2026-07-01,10,,,1680,82,67,lowestPrice API 未返回完整往返日期价格
返程无价格,福州,乌鲁木齐,福州,2026-06-23,2026-07-03,10,,1565,,82,67,lowestPrice API 未返回完整往返日期价格
去程无价格,福州,乌鲁木齐,福州,2026-06-27,2026-07-07,10,,,1610,82,67,lowestPrice API 未返回完整往返日期价格
返程无价格,天津,乌鲁木齐,天津,2026-06-02,2026-06-12,10,,1370,,83,70,lowestPrice API 未返回完整往返日期价格
去程无价格；返程无价格,天津,乌鲁木齐,天津,2026-06-04,2026-06-14,10,,,,83,70,lowestPrice API 未返回完整往返日期价格
返程无价格,天津,乌鲁木齐,天津,2026-06-05,2026-06-15,10,,1450,,83,70,lowestPrice API 未返回完整往返日期价格
去程无价格；返程无价格,天津,乌鲁木齐,天津,2026-06-06,2026-06-16,10,,,,83,70,lowestPrice API 未返回完整往返日期价格
去程无价格,天津,乌鲁木齐,天津,2026-06-07,2026-06-17,10,,,1110,83,70,lowestPrice API 未返回完整往返日期价格
去程无价格,天津,乌鲁木齐,天津,2026-06-09,2026-06-19,10,,,1110,83,70,lowestPrice API 未返回完整往返日期价格
去程无价格,天津,乌鲁木齐,天津,2026-06-10,2026-06-20,10,,,1280,83,70,lowestPrice API 未返回完整往返日期价格
去程无价格,天津,乌鲁木齐,天津,2026-06-11,2026-06-21,10,,,1200,83,70,lowestPrice API 未返回完整往返日期价格
去程无价格,天津,乌鲁木齐,天津,2026-06-12,2026-06-22,10,,,1100,83,70,lowestPrice API 未返回完整往返日期价格
去程无价格,天津,乌鲁木齐,天津,2026-06-15,2026-06-25,10,,,1200,83,70,lowestPrice API 未返回完整往返日期价格
去程无价格,天津,乌鲁木齐,天津,2026-06-16,2026-06-26,10,,,1200,83,70,lowestPrice API 未返回完整往返日期价格
返程无价格,天津,乌鲁木齐,天津,2026-06-21,2026-07-01,10,,1360,,83,70,lowestPrice API 未返回完整往返日期价格
去程无价格,沈阳,乌鲁木齐,沈阳,2026-06-04,2026-06-14,10,,,1280,66,68,lowestPrice API 未返回完整往返日期价格
返程无价格,沈阳,乌鲁木齐,沈阳,2026-06-07,2026-06-17,10,,1390,,66,68,lowestPrice API 未返回完整往返日期价格
返程无价格,沈阳,乌鲁木齐,沈阳,2026-06-08,2026-06-18,10,,1400,,66,68,lowestPrice API 未返回完整往返日期价格
去程无价格,沈阳,乌鲁木齐,沈阳,2026-06-09,2026-06-19,10,,,1435,66,68,lowestPrice API 未返回完整往返日期价格
返程无价格,沈阳,乌鲁木齐,沈阳,2026-06-15,2026-06-25,10,,1580,,66,68,lowestPrice API 未返回完整往返日期价格
返程无价格,沈阳,乌鲁木齐,沈阳,2026-06-18,2026-06-28,10,,1450,,66,68,lowestPrice API 未返回完整往返日期价格
去程无价格,沈阳,乌鲁木齐,沈阳,2026-06-21,2026-07-01,10,,,1690,66,68,lowestPrice API 未返回完整往返日期价格
去程无价格,沈阳,乌鲁木齐,沈阳,2026-06-23,2026-07-03,10,,,1760,66,68,lowestPrice API 未返回完整往返日期价格
去程无价格,沈阳,乌鲁木齐,沈阳,2026-06-24,2026-07-04,10,,,1760,66,68,lowestPrice API 未返回完整往返日期价格
去程无价格；返程无价格,沈阳,乌鲁木齐,沈阳,2026-06-26,2026-07-06,10,,,,66,68,lowestPrice API 未返回完整往返日期价格
返程无价格,沈阳,乌鲁木齐,沈阳,2026-06-29,2026-07-09,10,,870,,66,68,lowestPrice API 未返回完整往返日期价格
返程无价格,沈阳,乌鲁木齐,沈阳,2026-06-30,2026-07-10,10,,1390,,66,68,lowestPrice API 未返回完整往返日期价格
去程无价格；返程无价格,大连,乌鲁木齐,大连,2026-06-03,2026-06-13,10,,,,65,63,lowestPrice API 未返回完整往返日期价格
去程无价格,大连,乌鲁木齐,大连,2026-06-04,2026-06-14,10,,,1280,65,63,lowestPrice API 未返回完整往返日期价格
返程无价格,大连,乌鲁木齐,大连,2026-06-14,2026-06-24,10,,1100,,65,63,lowestPrice API 未返回完整往返日期价格
去程无价格,大连,乌鲁木齐,大连,2026-06-25,2026-07-05,10,,,1980,65,63,lowestPrice API 未返回完整往返日期价格
返程无价格,大连,乌鲁木齐,大连,2026-06-26,2026-07-06,10,,1100,,65,63,lowestPrice API 未返回完整往返日期价格
返程无价格,大连,乌鲁木齐,大连,2026-06-28,2026-07-08,10,,1200,,65,63,lowestPrice API 未返回完整往返日期价格
返程无价格,大连,乌鲁木齐,大连,2026-06-30,2026-07-10,10,,1300,,65,63,lowestPrice API 未返回完整往返日期价格
去程无价格,哈尔滨,乌鲁木齐,哈尔滨,2026-06-03,2026-06-13,10,,,1280,45,42,lowestPrice API 未返回完整往返日期价格
去程无价格；返程无价格,哈尔滨,乌鲁木齐,哈尔滨,2026-06-04,2026-06-14,10,,,,45,42,lowestPrice API 未返回完整往返日期价格
返程无价格,哈尔滨,乌鲁木齐,哈尔滨,2026-06-05,2026-06-15,10,,1600,,45,42,lowestPrice API 未返回完整往返日期价格
返程无价格,哈尔滨,乌鲁木齐,哈尔滨,2026-06-07,2026-06-17,10,,1510,,45,42,lowestPrice API 未返回完整往返日期价格
返程无价格,哈尔滨,乌鲁木齐,哈尔滨,2026-06-09,2026-06-19,10,,1340,,45,42,lowestPrice API 未返回完整往返日期价格
去程无价格,哈尔滨,乌鲁木齐,哈尔滨,2026-06-10,2026-06-20,10,,,1700,45,42,lowestPrice API 未返回完整往返日期价格
返程无价格,哈尔滨,乌鲁木齐,哈尔滨,2026-06-11,2026-06-21,10,,1495,,45,42,lowestPrice API 未返回完整往返日期价格
返程无价格,哈尔滨,乌鲁木齐,哈尔滨,2026-06-12,2026-06-22,10,,1600,,45,42,lowestPrice API 未返回完整往返日期价格
返程无价格,哈尔滨,乌鲁木齐,哈尔滨,2026-06-13,2026-06-23,10,,1370,,45,42,lowestPrice API 未返回完整往返日期价格
去程无价格；返程无价格,哈尔滨,乌鲁木齐,哈尔滨,2026-06-16,2026-06-26,10,,,,45,42,lowestPrice API 未返回完整往返日期价格
去程无价格,哈尔滨,乌鲁木齐,哈尔滨,2026-06-17,2026-06-27,10,,,1730,45,42,lowestPrice API 未返回完整往返日期价格
去程无价格,哈尔滨,乌鲁木齐,哈尔滨,2026-06-18,2026-06-28,10,,,1680,45,42,lowestPrice API 未返回完整往返日期价格
去程无价格,哈尔滨,乌鲁木齐,哈尔滨,2026-06-23,2026-07-03,10,,,1810,45,42,lowestPrice API 未返回完整往返日期价格
去程无价格,哈尔滨,乌鲁木齐,哈尔滨,2026-06-24,2026-07-04,10,,,1880,45,42,lowestPrice API 未返回完整往返日期价格
去程无价格,哈尔滨,乌鲁木齐,哈尔滨,2026-06-27,2026-07-07,10,,,1810,45,42,lowestPrice API 未返回完整往返日期价格
返程无价格,哈尔滨,乌鲁木齐,哈尔滨,2026-06-28,2026-07-08,10,,1570,,45,42,lowestPrice API 未返回完整往返日期价格
返程无价格,哈尔滨,乌鲁木齐,哈尔滨,2026-06-29,2026-07-09,10,,1430,,45,42,lowestPrice API 未返回完整往返日期价格
返程无价格,哈尔滨,乌鲁木齐,哈尔滨,2026-06-30,2026-07-10,10,,1440,,45,42,lowestPrice API 未返回完整往返日期价格
去程无价格,长春,乌鲁木齐,长春,2026-06-04,2026-06-14,10,,,1280,48,45,lowestPrice API 未返回完整往返日期价格
返程无价格,长春,乌鲁木齐,长春,2026-06-08,2026-06-18,10,,1475,,48,45,lowestPrice API 未返回完整往返日期价格
去程无价格；返程无价格,长春,乌鲁木齐,长春,2026-06-09,2026-06-19,10,,,,48,45,lowestPrice API 未返回完整往返日期价格
返程无价格,长春,乌鲁木齐,长春,2026-06-11,2026-06-21,10,,1570,,48,45,lowestPrice API 未返回完整往返日期价格
返程无价格,长春,乌鲁木齐,长春,2026-06-12,2026-06-22,10,,1600,,48,45,lowestPrice API 未返回完整往返日期价格
去程无价格,长春,乌鲁木齐,长春,2026-06-13,2026-06-23,10,,,1500,48,45,lowestPrice API 未返回完整往返日期价格
去程无价格；返程无价格,长春,乌鲁木齐,长春,2026-06-14,2026-06-24,10,,,,48,45,lowestPrice API 未返回完整往返日期价格
返程无价格,长春,乌鲁木齐,长春,2026-06-15,2026-06-25,10,,1600,,48,45,lowestPrice API 未返回完整往返日期价格
返程无价格,长春,乌鲁木齐,长春,2026-06-16,2026-06-26,10,,1580,,48,45,lowestPrice API 未返回完整往返日期价格
去程无价格；返程无价格,长春,乌鲁木齐,长春,2026-06-17,2026-06-27,10,,,,48,45,lowestPrice API 未返回完整往返日期价格
去程无价格；返程无价格,长春,乌鲁木齐,长春,2026-06-19,2026-06-29,10,,,,48,45,lowestPrice API 未返回完整往返日期价格
返程无价格,长春,乌鲁木齐,长春,2026-06-20,2026-06-30,10,,1700,,48,45,lowestPrice API 未返回完整往返日期价格
去程无价格；返程无价格,长春,乌鲁木齐,长春,2026-06-22,2026-07-02,10,,,,48,45,lowestPrice API 未返回完整往返日期价格
去程无价格,长春,乌鲁木齐,长春,2026-06-23,2026-07-03,10,,,1910,48,45,lowestPrice API 未返回完整往返日期价格
去程无价格,长春,乌鲁木齐,长春,2026-06-24,2026-07-04,10,,,1770,48,45,lowestPrice API 未返回完整往返日期价格
去程无价格,长春,乌鲁木齐,长春,2026-06-26,2026-07-06,10,,,1740,48,45,lowestPrice API 未返回完整往返日期价格
去程无价格；返程无价格,长春,乌鲁木齐,长春,2026-06-27,2026-07-07,10,,,,48,45,lowestPrice API 未返回完整往返日期价格
去程无价格；返程无价格,长春,乌鲁木齐,长春,2026-06-28,2026-07-08,10,,,,48,45,lowestPrice API 未返回完整往返日期价格
去程无价格,长春,乌鲁木齐,长春,2026-06-29,2026-07-09,10,,,1620,48,45,lowestPrice API 未返回完整往返日期价格
去程无价格；返程无价格,长春,乌鲁木齐,长春,2026-06-30,2026-07-10,10,,,,48,45,lowestPrice API 未返回完整往返日期价格
返程无价格,呼和浩特,乌鲁木齐,呼和浩特,2026-06-01,2026-06-11,10,,1080,,63,61,lowestPrice API 未返回完整往返日期价格
去程无价格,呼和浩特,乌鲁木齐,呼和浩特,2026-06-02,2026-06-12,10,,,940,63,61,lowestPrice API 未返回完整往返日期价格
去程无价格,呼和浩特,乌鲁木齐,呼和浩特,2026-06-08,2026-06-18,10,,,1250,63,61,lowestPrice API 未返回完整往返日期价格
返程无价格,呼和浩特,乌鲁木齐,呼和浩特,2026-06-09,2026-06-19,10,,1160,,63,61,lowestPrice API 未返回完整往返日期价格
去程无价格；返程无价格,呼和浩特,乌鲁木齐,呼和浩特,2026-06-11,2026-06-21,10,,,,63,61,lowestPrice API 未返回完整往返日期价格
去程无价格；返程无价格,呼和浩特,乌鲁木齐,呼和浩特,2026-06-20,2026-06-30,10,,,,63,61,lowestPrice API 未返回完整往返日期价格
去程无价格；返程无价格,呼和浩特,乌鲁木齐,呼和浩特,2026-06-21,2026-07-01,10,,,,63,61,lowestPrice API 未返回完整往返日期价格
去程无价格,呼和浩特,乌鲁木齐,呼和浩特,2026-06-24,2026-07-04,10,,,1385,63,61,lowestPrice API 未返回完整往返日期价格
返程无价格,呼和浩特,乌鲁木齐,呼和浩特,2026-06-25,2026-07-05,10,,1280,,63,61,lowestPrice API 未返回完整往返日期价格
去程无价格,呼和浩特,乌鲁木齐,呼和浩特,2026-06-26,2026-07-06,10,,,1440,63,61,lowestPrice API 未返回完整往返日期价格
去程无价格；返程无价格,呼和浩特,乌鲁木齐,呼和浩特,2026-06-30,2026-07-10,10,,,,63,61,lowestPrice API 未返回完整往返日期价格
去程无价格；返程无价格,太原,乌鲁木齐,太原,2026-06-12,2026-06-22,10,,,,64,60,lowestPrice API 未返回完整往返日期价格
去程无价格；返程无价格,太原,乌鲁木齐,太原,2026-06-13,2026-06-23,10,,,,64,60,lowestPrice API 未返回完整往返日期价格
返程无价格,太原,乌鲁木齐,太原,2026-06-14,2026-06-24,10,,1370,,64,60,lowestPrice API 未返回完整往返日期价格
去程无价格,太原,乌鲁木齐,太原,2026-06-15,2026-06-25,10,,,1210,64,60,lowestPrice API 未返回完整往返日期价格
去程无价格,太原,乌鲁木齐,太原,2026-06-16,2026-06-26,10,,,1210,64,60,lowestPrice API 未返回完整往返日期价格
返程无价格,太原,乌鲁木齐,太原,2026-06-18,2026-06-28,10,,1320,,64,60,lowestPrice API 未返回完整往返日期价格
返程无价格,太原,乌鲁木齐,太原,2026-06-19,2026-06-29,10,,900,,64,60,lowestPrice API 未返回完整往返日期价格
去程无价格；返程无价格,太原,乌鲁木齐,太原,2026-06-21,2026-07-01,10,,,,64,60,lowestPrice API 未返回完整往返日期价格
返程无价格,太原,乌鲁木齐,太原,2026-06-22,2026-07-02,10,,1340,,64,60,lowestPrice API 未返回完整往返日期价格
去程无价格,太原,乌鲁木齐,太原,2026-06-24,2026-07-04,10,,,1310,64,60,lowestPrice API 未返回完整往返日期价格
返程无价格,太原,乌鲁木齐,太原,2026-06-25,2026-07-05,10,,1230,,64,60,lowestPrice API 未返回完整往返日期价格
去程无价格,太原,乌鲁木齐,太原,2026-06-26,2026-07-06,10,,,1770,64,60,lowestPrice API 未返回完整往返日期价格
返程无价格,太原,乌鲁木齐,太原,2026-06-29,2026-07-09,10,,1440,,64,60,lowestPrice API 未返回完整往返日期价格
返程无价格,兰州,乌鲁木齐,兰州,2026-06-16,2026-06-26,10,,950,,177,134,lowestPrice API 未返回完整往返日期价格
去程无价格,兰州,乌鲁木齐,兰州,2026-06-24,2026-07-04,10,,,880,177,134,lowestPrice API 未返回完整往返日期价格
返程无价格,西宁,乌鲁木齐,西宁,2026-06-09,2026-06-19,10,,820,,52,51,lowestPrice API 未返回完整往返日期价格
返程无价格,西宁,乌鲁木齐,西宁,2026-06-12,2026-06-22,10,,890,,52,51,lowestPrice API 未返回完整往返日期价格
去程无价格,西宁,乌鲁木齐,西宁,2026-06-13,2026-06-23,10,,,1000,52,51,lowestPrice API 未返回完整往返日期价格
返程无价格,西宁,乌鲁木齐,西宁,2026-06-16,2026-06-26,10,,750,,52,51,lowestPrice API 未返回完整往返日期价格
返程无价格,西宁,乌鲁木齐,西宁,2026-06-19,2026-06-29,10,,890,,52,51,lowestPrice API 未返回完整往返日期价格
去程无价格；返程无价格,西宁,乌鲁木齐,西宁,2026-06-21,2026-07-01,10,,,,52,51,lowestPrice API 未返回完整往返日期价格
去程无价格,西宁,乌鲁木齐,西宁,2026-06-22,2026-07-02,10,,,1040,52,51,lowestPrice API 未返回完整往返日期价格
去程无价格,西宁,乌鲁木齐,西宁,2026-06-24,2026-07-04,10,,,1040,52,51,lowestPrice API 未返回完整往返日期价格
返程无价格,西宁,乌鲁木齐,西宁,2026-06-26,2026-07-06,10,,750,,52,51,lowestPrice API 未返回完整往返日期价格
返程无价格,西宁,乌鲁木齐,西宁,2026-06-27,2026-07-07,10,,850,,52,51,lowestPrice API 未返回完整往返日期价格
返程无价格,西宁,乌鲁木齐,西宁,2026-06-28,2026-07-08,10,,850,,52,51,lowestPrice API 未返回完整往返日期价格
去程无价格；返程无价格,西宁,乌鲁木齐,西宁,2026-06-29,2026-07-09,10,,,,52,51,lowestPrice API 未返回完整往返日期价格
返程无价格,银川,乌鲁木齐,银川,2026-06-03,2026-06-13,10,,1050,,67,65,lowestPrice API 未返回完整往返日期价格
返程无价格,银川,乌鲁木齐,银川,2026-06-05,2026-06-15,10,,1100,,67,65,lowestPrice API 未返回完整往返日期价格
去程无价格,银川,乌鲁木齐,银川,2026-06-17,2026-06-27,10,,,950,67,65,lowestPrice API 未返回完整往返日期价格
返程无价格,银川,乌鲁木齐,银川,2026-06-19,2026-06-29,10,,1289,,67,65,lowestPrice API 未返回完整往返日期价格
返程无价格,银川,乌鲁木齐,银川,2026-06-21,2026-07-01,10,,1009,,67,65,lowestPrice API 未返回完整往返日期价格
去程无价格；返程无价格,银川,乌鲁木齐,银川,2026-06-23,2026-07-03,10,,,,67,65,lowestPrice API 未返回完整往返日期价格
去程无价格,银川,乌鲁木齐,银川,2026-06-24,2026-07-04,10,,,1060,67,65,lowestPrice API 未返回完整往返日期价格
去程无价格；返程无价格,银川,乌鲁木齐,银川,2026-06-25,2026-07-05,10,,,,67,65,lowestPrice API 未返回完整往返日期价格
返程无价格,银川,乌鲁木齐,银川,2026-06-29,2026-07-09,10,,1010,,67,65,lowestPrice API 未返回完整往返日期价格
返程无价格,银川,乌鲁木齐,银川,2026-06-30,2026-07-10,10,,1000,,67,65,lowestPrice API 未返回完整往返日期价格
去程无价格,拉萨,乌鲁木齐,拉萨,2026-06-04,2026-06-14,10,,,1440,26,36,lowestPrice API 未返回完整往返日期价格
去程无价格,拉萨,乌鲁木齐,拉萨,2026-06-05,2026-06-15,10,,,1420,26,36,lowestPrice API 未返回完整往返日期价格
返程无价格,拉萨,乌鲁木齐,拉萨,2026-06-07,2026-06-17,10,,1220,,26,36,lowestPrice API 未返回完整往返日期价格
返程无价格,拉萨,乌鲁木齐,拉萨,2026-06-08,2026-06-18,10,,1220,,26,36,lowestPrice API 未返回完整往返日期价格
返程无价格,拉萨,乌鲁木齐,拉萨,2026-06-09,2026-06-19,10,,1220,,26,36,lowestPrice API 未返回完整往返日期价格
返程无价格,拉萨,乌鲁木齐,拉萨,2026-06-10,2026-06-20,10,,1310,,26,36,lowestPrice API 未返回完整往返日期价格
去程无价格；返程无价格,拉萨,乌鲁木齐,拉萨,2026-06-11,2026-06-21,10,,,,26,36,lowestPrice API 未返回完整往返日期价格
返程无价格,拉萨,乌鲁木齐,拉萨,2026-06-13,2026-06-23,10,,1220,,26,36,lowestPrice API 未返回完整往返日期价格
返程无价格,拉萨,乌鲁木齐,拉萨,2026-06-14,2026-06-24,10,,1220,,26,36,lowestPrice API 未返回完整往返日期价格
返程无价格,拉萨,乌鲁木齐,拉萨,2026-06-16,2026-06-26,10,,1310,,26,36,lowestPrice API 未返回完整往返日期价格
去程无价格；返程无价格,拉萨,乌鲁木齐,拉萨,2026-06-17,2026-06-27,10,,,,26,36,lowestPrice API 未返回完整往返日期价格
去程无价格；返程无价格,拉萨,乌鲁木齐,拉萨,2026-06-18,2026-06-28,10,,,,26,36,lowestPrice API 未返回完整往返日期价格
去程无价格；返程无价格,拉萨,乌鲁木齐,拉萨,2026-06-19,2026-06-29,10,,,,26,36,lowestPrice API 未返回完整往返日期价格
去程无价格；返程无价格,拉萨,乌鲁木齐,拉萨,2026-06-20,2026-06-30,10,,,,26,36,lowestPrice API 未返回完整往返日期价格
去程无价格；返程无价格,拉萨,乌鲁木齐,拉萨,2026-06-21,2026-07-01,10,,,,26,36,lowestPrice API 未返回完整往返日期价格
去程无价格；返程无价格,拉萨,乌鲁木齐,拉萨,2026-06-22,2026-07-02,10,,,,26,36,lowestPrice API 未返回完整往返日期价格
去程无价格；返程无价格,拉萨,乌鲁木齐,拉萨,2026-06-23,2026-07-03,10,,,,26,36,lowestPrice API 未返回完整往返日期价格
去程无价格；返程无价格,拉萨,乌鲁木齐,拉萨,2026-06-24,2026-07-04,10,,,,26,36,lowestPrice API 未返回完整往返日期价格
去程无价格；返程无价格,拉萨,乌鲁木齐,拉萨,2026-06-25,2026-07-05,10,,,,26,36,lowestPrice API 未返回完整往返日期价格
去程无价格；返程无价格,拉萨,乌鲁木齐,拉萨,2026-06-26,2026-07-06,10,,,,26,36,lowestPrice API 未返回完整往返日期价格
去程无价格；返程无价格,拉萨,乌鲁木齐,拉萨,2026-06-27,2026-07-07,10,,,,26,36,lowestPrice API 未返回完整往返日期价格
去程无价格；返程无价格,拉萨,乌鲁木齐,拉萨,2026-06-28,2026-07-08,10,,,,26,36,lowestPrice API 未返回完整往返日期价格
去程无价格；返程无价格,拉萨,乌鲁木齐,拉萨,2026-06-29,2026-07-09,10,,,,26,36,lowestPrice API 未返回完整往返日期价格
去程无价格；返程无价格,拉萨,乌鲁木齐,拉萨,2026-06-30,2026-07-10,10,,,,26,36,lowestPrice API 未返回完整往返日期价格
返程无价格,昆明,乌鲁木齐,昆明,2026-06-01,2026-06-11,10,,1399,,61,52,lowestPrice API 未返回完整往返日期价格
去程无价格；返程无价格,昆明,乌鲁木齐,昆明,2026-06-02,2026-06-12,10,,,,61,52,lowestPrice API 未返回完整往返日期价格
去程无价格,昆明,乌鲁木齐,昆明,2026-06-03,2026-06-13,10,,,1080,61,52,lowestPrice API 未返回完整往返日期价格
去程无价格；返程无价格,昆明,乌鲁木齐,昆明,2026-06-04,2026-06-14,10,,,,61,52,lowestPrice API 未返回完整往返日期价格
去程无价格,昆明,乌鲁木齐,昆明,2026-06-08,2026-06-18,10,,,1130,61,52,lowestPrice API 未返回完整往返日期价格
返程无价格,昆明,乌鲁木齐,昆明,2026-06-09,2026-06-19,10,,1280,,61,52,lowestPrice API 未返回完整往返日期价格
去程无价格,昆明,乌鲁木齐,昆明,2026-06-10,2026-06-20,10,,,1090,61,52,lowestPrice API 未返回完整往返日期价格
去程无价格；返程无价格,昆明,乌鲁木齐,昆明,2026-06-11,2026-06-21,10,,,,61,52,lowestPrice API 未返回完整往返日期价格
返程无价格,昆明,乌鲁木齐,昆明,2026-06-12,2026-06-22,10,,1400,,61,52,lowestPrice API 未返回完整往返日期价格
去程无价格；返程无价格,昆明,乌鲁木齐,昆明,2026-06-13,2026-06-23,10,,,,61,52,lowestPrice API 未返回完整往返日期价格
返程无价格,昆明,乌鲁木齐,昆明,2026-06-15,2026-06-25,10,,1290,,61,52,lowestPrice API 未返回完整往返日期价格
返程无价格,昆明,乌鲁木齐,昆明,2026-06-16,2026-06-26,10,,1290,,61,52,lowestPrice API 未返回完整往返日期价格
返程无价格,昆明,乌鲁木齐,昆明,2026-06-17,2026-06-27,10,,1290,,61,52,lowestPrice API 未返回完整往返日期价格
去程无价格,昆明,乌鲁木齐,昆明,2026-06-19,2026-06-29,10,,,1430,61,52,lowestPrice API 未返回完整往返日期价格
去程无价格；返程无价格,昆明,乌鲁木齐,昆明,2026-06-20,2026-06-30,10,,,,61,52,lowestPrice API 未返回完整往返日期价格
去程无价格；返程无价格,昆明,乌鲁木齐,昆明,2026-06-21,2026-07-01,10,,,,61,52,lowestPrice API 未返回完整往返日期价格
去程无价格,昆明,乌鲁木齐,昆明,2026-06-28,2026-07-08,10,,,1495,61,52,lowestPrice API 未返回完整往返日期价格
去程无价格,昆明,乌鲁木齐,昆明,2026-06-30,2026-07-10,10,,,1612,61,52,lowestPrice API 未返回完整往返日期价格
返程无价格,贵阳,乌鲁木齐,贵阳,2026-06-08,2026-06-18,10,,1285,,49,47,lowestPrice API 未返回完整往返日期价格
去程无价格；返程无价格,贵阳,乌鲁木齐,贵阳,2026-06-09,2026-06-19,10,,,,49,47,lowestPrice API 未返回完整往返日期价格
去程无价格；返程无价格,贵阳,乌鲁木齐,贵阳,2026-06-12,2026-06-22,10,,,,49,47,lowestPrice API 未返回完整往返日期价格
返程无价格,贵阳,乌鲁木齐,贵阳,2026-06-13,2026-06-23,10,,1350,,49,47,lowestPrice API 未返回完整往返日期价格
返程无价格,贵阳,乌鲁木齐,贵阳,2026-06-16,2026-06-26,10,,1350,,49,47,lowestPrice API 未返回完整往返日期价格
返程无价格,贵阳,乌鲁木齐,贵阳,2026-06-17,2026-06-27,10,,1190,,49,47,lowestPrice API 未返回完整往返日期价格
去程无价格,贵阳,乌鲁木齐,贵阳,2026-06-19,2026-06-29,10,,,1350,49,47,lowestPrice API 未返回完整往返日期价格
返程无价格,贵阳,乌鲁木齐,贵阳,2026-06-20,2026-06-30,10,,1340,,49,47,lowestPrice API 未返回完整往返日期价格
去程无价格；返程无价格,贵阳,乌鲁木齐,贵阳,2026-06-21,2026-07-01,10,,,,49,47,lowestPrice API 未返回完整往返日期价格
去程无价格,贵阳,乌鲁木齐,贵阳,2026-06-22,2026-07-02,10,,,1495,49,47,lowestPrice API 未返回完整往返日期价格
去程无价格,贵阳,乌鲁木齐,贵阳,2026-06-24,2026-07-04,10,,,1520,49,47,lowestPrice API 未返回完整往返日期价格
去程无价格,贵阳,乌鲁木齐,贵阳,2026-06-25,2026-07-05,10,,,1420,49,47,lowestPrice API 未返回完整往返日期价格
返程无价格,贵阳,乌鲁木齐,贵阳,2026-06-26,2026-07-06,10,,1340,,49,47,lowestPrice API 未返回完整往返日期价格
去程无价格；返程无价格,贵阳,乌鲁木齐,贵阳,2026-06-28,2026-07-08,10,,,,49,47,lowestPrice API 未返回完整往返日期价格
去程无价格；返程无价格,贵阳,乌鲁木齐,贵阳,2026-06-29,2026-07-09,10,,,,49,47,lowestPrice API 未返回完整往返日期价格
去程无价格；返程无价格,南宁,乌鲁木齐,南宁,2026-06-12,2026-06-22,10,,,,56,47,lowestPrice API 未返回完整往返日期价格
返程无价格,南宁,乌鲁木齐,南宁,2026-06-14,2026-06-24,10,,1300,,56,47,lowestPrice API 未返回完整往返日期价格
返程无价格,南宁,乌鲁木齐,南宁,2026-06-16,2026-06-26,10,,1300,,56,47,lowestPrice API 未返回完整往返日期价格
去程无价格；返程无价格,南宁,乌鲁木齐,南宁,2026-06-19,2026-06-29,10,,,,56,47,lowestPrice API 未返回完整往返日期价格
返程无价格,南宁,乌鲁木齐,南宁,2026-06-21,2026-07-01,10,,1560,,56,47,lowestPrice API 未返回完整往返日期价格
返程无价格,南宁,乌鲁木齐,南宁,2026-06-25,2026-07-05,10,,900,,56,47,lowestPrice API 未返回完整往返日期价格
去程无价格；返程无价格,南宁,乌鲁木齐,南宁,2026-06-26,2026-07-06,10,,,,56,47,lowestPrice API 未返回完整往返日期价格
去程无价格；返程无价格,南宁,乌鲁木齐,南宁,2026-06-27,2026-07-07,10,,,,56,47,lowestPrice API 未返回完整往返日期价格
去程无价格；返程无价格,南宁,乌鲁木齐,南宁,2026-06-28,2026-07-08,10,,,,56,47,lowestPrice API 未返回完整往返日期价格
返程无价格,南宁,乌鲁木齐,南宁,2026-06-29,2026-07-09,10,,1300,,56,47,lowestPrice API 未返回完整往返日期价格
返程无价格,南宁,乌鲁木齐,南宁,2026-06-30,2026-07-10,10,,1630,,56,47,lowestPrice API 未返回完整往返日期价格
去程无价格,海口,乌鲁木齐,海口,2026-06-09,2026-06-19,10,,,1230,60,56,lowestPrice API 未返回完整往返日期价格
去程无价格；返程无价格,海口,乌鲁木齐,海口,2026-06-10,2026-06-20,10,,,,60,56,lowestPrice API 未返回完整往返日期价格
返程无价格,海口,乌鲁木齐,海口,2026-06-11,2026-06-21,10,,1650,,60,56,lowestPrice API 未返回完整往返日期价格
返程无价格,海口,乌鲁木齐,海口,2026-06-12,2026-06-22,10,,1670,,60,56,lowestPrice API 未返回完整往返日期价格
返程无价格,海口,乌鲁木齐,海口,2026-06-15,2026-06-25,10,,1580,,60,56,lowestPrice API 未返回完整往返日期价格
返程无价格,海口,乌鲁木齐,海口,2026-06-19,2026-06-29,10,,1460,,60,56,lowestPrice API 未返回完整往返日期价格
返程无价格,海口,乌鲁木齐,海口,2026-06-20,2026-06-30,10,,1560,,60,56,lowestPrice API 未返回完整往返日期价格
返程无价格,海口,乌鲁木齐,海口,2026-06-21,2026-07-01,10,,1560,,60,56,lowestPrice API 未返回完整往返日期价格
去程无价格,海口,乌鲁木齐,海口,2026-06-24,2026-07-04,10,,,1670,60,56,lowestPrice API 未返回完整往返日期价格
返程无价格,海口,乌鲁木齐,海口,2026-06-25,2026-07-05,10,,1360,,60,56,lowestPrice API 未返回完整往返日期价格
返程无价格,海口,乌鲁木齐,海口,2026-06-30,2026-07-10,10,,1460,,60,56,lowestPrice API 未返回完整往返日期价格
返程无价格,三亚,乌鲁木齐,三亚,2026-06-09,2026-06-19,10,,1520,,49,55,lowestPrice API 未返回完整往返日期价格
返程无价格,三亚,乌鲁木齐,三亚,2026-06-10,2026-06-20,10,,1490,,49,55,lowestPrice API 未返回完整往返日期价格
返程无价格,三亚,乌鲁木齐,三亚,2026-06-11,2026-06-21,10,,1640,,49,55,lowestPrice API 未返回完整往返日期价格
返程无价格,三亚,乌鲁木齐,三亚,2026-06-12,2026-06-22,10,,1910,,49,55,lowestPrice API 未返回完整往返日期价格
返程无价格,三亚,乌鲁木齐,三亚,2026-06-13,2026-06-23,10,,1890,,49,55,lowestPrice API 未返回完整往返日期价格
返程无价格,三亚,乌鲁木齐,三亚,2026-06-14,2026-06-24,10,,1450,,49,55,lowestPrice API 未返回完整往返日期价格
去程无价格；返程无价格,三亚,乌鲁木齐,三亚,2026-06-15,2026-06-25,10,,,,49,55,lowestPrice API 未返回完整往返日期价格
返程无价格,三亚,乌鲁木齐,三亚,2026-06-17,2026-06-27,10,,1680,,49,55,lowestPrice API 未返回完整往返日期价格
去程无价格；返程无价格,三亚,乌鲁木齐,三亚,2026-06-19,2026-06-29,10,,,,49,55,lowestPrice API 未返回完整往返日期价格
去程无价格；返程无价格,三亚,乌鲁木齐,三亚,2026-06-20,2026-06-30,10,,,,49,55,lowestPrice API 未返回完整往返日期价格
去程无价格,三亚,乌鲁木齐,三亚,2026-06-23,2026-07-03,10,,,2030,49,55,lowestPrice API 未返回完整往返日期价格
去程无价格,三亚,乌鲁木齐,三亚,2026-06-24,2026-07-04,10,,,2060,49,55,lowestPrice API 未返回完整往返日期价格
返程无价格,三亚,乌鲁木齐,三亚,2026-06-25,2026-07-05,10,,1700,,49,55,lowestPrice API 未返回完整往返日期价格
去程无价格,三亚,乌鲁木齐,三亚,2026-06-26,2026-07-06,10,,,2030,49,55,lowestPrice API 未返回完整往返日期价格
去程无价格,三亚,乌鲁木齐,三亚,2026-06-27,2026-07-07,10,,,1860,49,55,lowestPrice API 未返回完整往返日期价格
去程无价格；返程无价格,三亚,乌鲁木齐,三亚,2026-06-29,2026-07-09,10,,,,49,55,lowestPrice API 未返回完整往返日期价格
返程无价格,宁波,乌鲁木齐,宁波,2026-06-17,2026-06-27,10,,1760,,179,134,lowestPrice API 未返回完整往返日期价格
去程无价格,宁波,乌鲁木齐,宁波,2026-06-20,2026-06-30,10,,,1355,179,134,lowestPrice API 未返回完整往返日期价格
返程无价格,温州,乌鲁木齐,温州,2026-06-04,2026-06-14,10,,1500,,55,56,lowestPrice API 未返回完整往返日期价格
去程无价格,温州,乌鲁木齐,温州,2026-06-06,2026-06-16,10,,,1390,55,56,lowestPrice API 未返回完整往返日期价格
去程无价格,温州,乌鲁木齐,温州,2026-06-07,2026-06-17,10,,,1470,55,56,lowestPrice API 未返回完整往返日期价格
返程无价格,温州,乌鲁木齐,温州,2026-06-11,2026-06-21,10,,1500,,55,56,lowestPrice API 未返回完整往返日期价格
返程无价格,温州,乌鲁木齐,温州,2026-06-12,2026-06-22,10,,1740,,55,56,lowestPrice API 未返回完整往返日期价格
去程无价格,温州,乌鲁木齐,温州,2026-06-13,2026-06-23,10,,,1450,55,56,lowestPrice API 未返回完整往返日期价格
返程无价格,温州,乌鲁木齐,温州,2026-06-14,2026-06-24,10,,1500,,55,56,lowestPrice API 未返回完整往返日期价格
去程无价格；返程无价格,温州,乌鲁木齐,温州,2026-06-15,2026-06-25,10,,,,55,56,lowestPrice API 未返回完整往返日期价格
返程无价格,温州,乌鲁木齐,温州,2026-06-16,2026-06-26,10,,1670,,55,56,lowestPrice API 未返回完整往返日期价格
返程无价格,温州,乌鲁木齐,温州,2026-06-18,2026-06-28,10,,1740,,55,56,lowestPrice API 未返回完整往返日期价格
返程无价格,温州,乌鲁木齐,温州,2026-06-19,2026-06-29,10,,1690,,55,56,lowestPrice API 未返回完整往返日期价格
返程无价格,温州,乌鲁木齐,温州,2026-06-20,2026-06-30,10,,1510,,55,56,lowestPrice API 未返回完整往返日期价格
去程无价格,温州,乌鲁木齐,温州,2026-06-23,2026-07-03,10,,,1980,55,56,lowestPrice API 未返回完整往返日期价格
去程无价格,温州,乌鲁木齐,温州,2026-06-24,2026-07-04,10,,,1980,55,56,lowestPrice API 未返回完整往返日期价格
去程无价格,温州,乌鲁木齐,温州,2026-06-25,2026-07-05,10,,,1870,55,56,lowestPrice API 未返回完整往返日期价格
去程无价格；返程无价格,温州,乌鲁木齐,温州,2026-06-26,2026-07-06,10,,,,55,56,lowestPrice API 未返回完整往返日期价格
去程无价格,温州,乌鲁木齐,温州,2026-06-27,2026-07-07,10,,,1750,55,56,lowestPrice API 未返回完整往返日期价格
去程无价格,温州,乌鲁木齐,温州,2026-06-29,2026-07-09,10,,,1750,55,56,lowestPrice API 未返回完整往返日期价格
返程无价格,温州,乌鲁木齐,温州,2026-06-30,2026-07-10,10,,1865,,55,56,lowestPrice API 未返回完整往返日期价格
去程无价格；返程无价格,合肥,乌鲁木齐,合肥,2026-06-03,2026-06-13,10,,,,65,44,lowestPrice API 未返回完整往返日期价格
返程无价格,合肥,乌鲁木齐,合肥,2026-06-04,2026-06-14,10,,1500,,65,44,lowestPrice API 未返回完整往返日期价格
去程无价格,合肥,乌鲁木齐,合肥,2026-06-05,2026-06-15,10,,,1240,65,44,lowestPrice API 未返回完整往返日期价格
返程无价格,合肥,乌鲁木齐,合肥,2026-06-06,2026-06-16,10,,1480,,65,44,lowestPrice API 未返回完整往返日期价格
去程无价格；返程无价格,合肥,乌鲁木齐,合肥,2026-06-07,2026-06-17,10,,,,65,44,lowestPrice API 未返回完整往返日期价格
去程无价格,合肥,乌鲁木齐,合肥,2026-06-08,2026-06-18,10,,,1300,65,44,lowestPrice API 未返回完整往返日期价格
返程无价格,合肥,乌鲁木齐,合肥,2026-06-09,2026-06-19,10,,1400,,65,44,lowestPrice API 未返回完整往返日期价格
返程无价格,合肥,乌鲁木齐,合肥,2026-06-11,2026-06-21,10,,1450,,65,44,lowestPrice API 未返回完整往返日期价格
返程无价格,合肥,乌鲁木齐,合肥,2026-06-13,2026-06-23,10,,1480,,65,44,lowestPrice API 未返回完整往返日期价格
返程无价格,合肥,乌鲁木齐,合肥,2026-06-15,2026-06-25,10,,1480,,65,44,lowestPrice API 未返回完整往返日期价格
返程无价格,合肥,乌鲁木齐,合肥,2026-06-17,2026-06-27,10,,1450,,65,44,lowestPrice API 未返回完整往返日期价格
返程无价格,合肥,乌鲁木齐,合肥,2026-06-19,2026-06-29,10,,1480,,65,44,lowestPrice API 未返回完整往返日期价格
去程无价格；返程无价格,合肥,乌鲁木齐,合肥,2026-06-20,2026-06-30,10,,,,65,44,lowestPrice API 未返回完整往返日期价格
返程无价格,合肥,乌鲁木齐,合肥,2026-06-26,2026-07-06,10,,1605,,65,44,lowestPrice API 未返回完整往返日期价格
返程无价格,合肥,乌鲁木齐,合肥,2026-06-28,2026-07-08,10,,1740,,65,44,lowestPrice API 未返回完整往返日期价格
返程无价格,合肥,乌鲁木齐,合肥,2026-06-29,2026-07-09,10,,1530,,65,44,lowestPrice API 未返回完整往返日期价格
返程无价格,合肥,乌鲁木齐,合肥,2026-06-30,2026-07-10,10,,1790,,65,44,lowestPrice API 未返回完整往返日期价格
去程无价格；返程无价格,南昌,乌鲁木齐,南昌,2026-06-04,2026-06-14,10,,,,56,47,lowestPrice API 未返回完整往返日期价格
去程无价格；返程无价格,南昌,乌鲁木齐,南昌,2026-06-07,2026-06-17,10,,,,56,47,lowestPrice API 未返回完整往返日期价格
返程无价格,南昌,乌鲁木齐,南昌,2026-06-09,2026-06-19,10,,1200,,56,47,lowestPrice API 未返回完整往返日期价格
返程无价格,南昌,乌鲁木齐,南昌,2026-06-10,2026-06-20,10,,1490,,56,47,lowestPrice API 未返回完整往返日期价格
返程无价格,南昌,乌鲁木齐,南昌,2026-06-11,2026-06-21,10,,1495,,56,47,lowestPrice API 未返回完整往返日期价格
返程无价格,南昌,乌鲁木齐,南昌,2026-06-12,2026-06-22,10,,1575,,56,47,lowestPrice API 未返回完整往返日期价格
去程无价格；返程无价格,南昌,乌鲁木齐,南昌,2026-06-13,2026-06-23,10,,,,56,47,lowestPrice API 未返回完整往返日期价格
去程无价格；返程无价格,南昌,乌鲁木齐,南昌,2026-06-14,2026-06-24,10,,,,56,47,lowestPrice API 未返回完整往返日期价格
返程无价格,南昌,乌鲁木齐,南昌,2026-06-15,2026-06-25,10,,1550,,56,47,lowestPrice API 未返回完整往返日期价格
去程无价格；返程无价格,南昌,乌鲁木齐,南昌,2026-06-16,2026-06-26,10,,,,56,47,lowestPrice API 未返回完整往返日期价格
去程无价格,南昌,乌鲁木齐,南昌,2026-06-18,2026-06-28,10,,,1580,56,47,lowestPrice API 未返回完整往返日期价格
去程无价格,南昌,乌鲁木齐,南昌,2026-06-19,2026-06-29,10,,,1510,56,47,lowestPrice API 未返回完整往返日期价格
去程无价格；返程无价格,南昌,乌鲁木齐,南昌,2026-06-20,2026-06-30,10,,,,56,47,lowestPrice API 未返回完整往返日期价格
去程无价格,南昌,乌鲁木齐,南昌,2026-06-21,2026-07-01,10,,,1560,56,47,lowestPrice API 未返回完整往返日期价格
去程无价格；返程无价格,南昌,乌鲁木齐,南昌,2026-06-23,2026-07-03,10,,,,56,47,lowestPrice API 未返回完整往返日期价格
去程无价格,南昌,乌鲁木齐,南昌,2026-06-26,2026-07-06,10,,,1820,56,47,lowestPrice API 未返回完整往返日期价格
去程无价格,南昌,乌鲁木齐,南昌,2026-06-27,2026-07-07,10,,,1630,56,47,lowestPrice API 未返回完整往返日期价格
去程无价格；返程无价格,南昌,乌鲁木齐,南昌,2026-06-28,2026-07-08,10,,,,56,47,lowestPrice API 未返回完整往返日期价格
去程无价格；返程无价格,南昌,乌鲁木齐,南昌,2026-06-29,2026-07-09,10,,,,56,47,lowestPrice API 未返回完整往返日期价格
返程无价格,泉州,乌鲁木齐,泉州,2026-06-02,2026-06-12,10,,1400,,49,55,lowestPrice API 未返回完整往返日期价格
去程无价格；返程无价格,泉州,乌鲁木齐,泉州,2026-06-05,2026-06-15,10,,,,49,55,lowestPrice API 未返回完整往返日期价格
去程无价格；返程无价格,泉州,乌鲁木齐,泉州,2026-06-08,2026-06-18,10,,,,49,55,lowestPrice API 未返回完整往返日期价格
去程无价格；返程无价格,泉州,乌鲁木齐,泉州,2026-06-09,2026-06-19,10,,,,49,55,lowestPrice API 未返回完整往返日期价格
去程无价格,泉州,乌鲁木齐,泉州,2026-06-12,2026-06-22,10,,,1450,49,55,lowestPrice API 未返回完整往返日期价格
返程无价格,泉州,乌鲁木齐,泉州,2026-06-16,2026-06-26,10,,1640,,49,55,lowestPrice API 未返回完整往返日期价格
返程无价格,泉州,乌鲁木齐,泉州,2026-06-17,2026-06-27,10,,1570,,49,55,lowestPrice API 未返回完整往返日期价格
去程无价格,泉州,乌鲁木齐,泉州,2026-06-19,2026-06-29,10,,,1785,49,55,lowestPrice API 未返回完整往返日期价格
去程无价格,泉州,乌鲁木齐,泉州,2026-06-21,2026-07-01,10,,,1800,49,55,lowestPrice API 未返回完整往返日期价格
返程无价格,泉州,乌鲁木齐,泉州,2026-06-22,2026-07-02,10,,1670,,49,55,lowestPrice API 未返回完整往返日期价格
返程无价格,泉州,乌鲁木齐,泉州,2026-06-23,2026-07-03,10,,1660,,49,55,lowestPrice API 未返回完整往返日期价格
返程无价格,泉州,乌鲁木齐,泉州,2026-06-24,2026-07-04,10,,1770,,49,55,lowestPrice API 未返回完整往返日期价格
去程无价格,泉州,乌鲁木齐,泉州,2026-06-25,2026-07-05,10,,,1840,49,55,lowestPrice API 未返回完整往返日期价格
去程无价格,泉州,乌鲁木齐,泉州,2026-06-27,2026-07-07,10,,,1800,49,55,lowestPrice API 未返回完整往返日期价格
返程无价格,泉州,乌鲁木齐,泉州,2026-06-29,2026-07-09,10,,1880,,49,55,lowestPrice API 未返回完整往返日期价格
返程无价格,烟台,乌鲁木齐,烟台,2026-06-08,2026-06-18,10,,1360,,39,45,lowestPrice API 未返回完整往返日期价格
返程无价格,烟台,乌鲁木齐,烟台,2026-06-09,2026-06-19,10,,1500,,39,45,lowestPrice API 未返回完整往返日期价格
返程无价格,烟台,乌鲁木齐,烟台,2026-06-10,2026-06-20,10,,1360,,39,45,lowestPrice API 未返回完整往返日期价格
返程无价格,烟台,乌鲁木齐,烟台,2026-06-11,2026-06-21,10,,1530,,39,45,lowestPrice API 未返回完整往返日期价格
返程无价格,烟台,乌鲁木齐,烟台,2026-06-12,2026-06-22,10,,1840,,39,45,lowestPrice API 未返回完整往返日期价格
返程无价格,烟台,乌鲁木齐,烟台,2026-06-13,2026-06-23,10,,1600,,39,45,lowestPrice API 未返回完整往返日期价格
返程无价格,烟台,乌鲁木齐,烟台,2026-06-14,2026-06-24,10,,1670,,39,45,lowestPrice API 未返回完整往返日期价格
去程无价格,烟台,乌鲁木齐,烟台,2026-06-15,2026-06-25,10,,,1360,39,45,lowestPrice API 未返回完整往返日期价格
去程无价格,烟台,乌鲁木齐,烟台,2026-06-19,2026-06-29,10,,,1540,39,45,lowestPrice API 未返回完整往返日期价格
去程无价格；返程无价格,烟台,乌鲁木齐,烟台,2026-06-20,2026-06-30,10,,,,39,45,lowestPrice API 未返回完整往返日期价格
去程无价格；返程无价格,烟台,乌鲁木齐,烟台,2026-06-21,2026-07-01,10,,,,39,45,lowestPrice API 未返回完整往返日期价格
去程无价格,烟台,乌鲁木齐,烟台,2026-06-22,2026-07-02,10,,,1850,39,45,lowestPrice API 未返回完整往返日期价格
去程无价格,烟台,乌鲁木齐,烟台,2026-06-23,2026-07-03,10,,,2290,39,45,lowestPrice API 未返回完整往返日期价格
去程无价格,烟台,乌鲁木齐,烟台,2026-06-25,2026-07-05,10,,,2280,39,45,lowestPrice API 未返回完整往返日期价格
返程无价格,烟台,乌鲁木齐,烟台,2026-06-27,2026-07-07,10,,1600,,39,45,lowestPrice API 未返回完整往返日期价格
返程无价格,烟台,乌鲁木齐,烟台,2026-06-28,2026-07-08,10,,1680,,39,45,lowestPrice API 未返回完整往返日期价格
返程无价格,烟台,乌鲁木齐,烟台,2026-06-29,2026-07-09,10,,1680,,39,45,lowestPrice API 未返回完整往返日期价格
返程无价格,烟台,乌鲁木齐,烟台,2026-06-30,2026-07-10,10,,1700,,39,45,lowestPrice API 未返回完整往返日期价格
去程无价格,威海,乌鲁木齐,威海,2026-06-01,2026-06-11,10,,,1520,30,26,lowestPrice API 未返回完整往返日期价格
返程无价格,威海,乌鲁木齐,威海,2026-06-02,2026-06-12,10,,1830,,30,26,lowestPrice API 未返回完整往返日期价格
去程无价格；返程无价格,威海,乌鲁木齐,威海,2026-06-03,2026-06-13,10,,,,30,26,lowestPrice API 未返回完整往返日期价格
返程无价格,威海,乌鲁木齐,威海,2026-06-04,2026-06-14,10,,1970,,30,26,lowestPrice API 未返回完整往返日期价格
去程无价格；返程无价格,威海,乌鲁木齐,威海,2026-06-05,2026-06-15,10,,,,30,26,lowestPrice API 未返回完整往返日期价格
返程无价格,威海,乌鲁木齐,威海,2026-06-06,2026-06-16,10,,2040,,30,26,lowestPrice API 未返回完整往返日期价格
返程无价格,威海,乌鲁木齐,威海,2026-06-09,2026-06-19,10,,1970,,30,26,lowestPrice API 未返回完整往返日期价格
去程无价格；返程无价格,威海,乌鲁木齐,威海,2026-06-10,2026-06-20,10,,,,30,26,lowestPrice API 未返回完整往返日期价格
去程无价格；返程无价格,威海,乌鲁木齐,威海,2026-06-12,2026-06-22,10,,,,30,26,lowestPrice API 未返回完整往返日期价格
返程无价格,威海,乌鲁木齐,威海,2026-06-13,2026-06-23,10,,1940,,30,26,lowestPrice API 未返回完整往返日期价格
返程无价格,威海,乌鲁木齐,威海,2026-06-14,2026-06-24,10,,2190,,30,26,lowestPrice API 未返回完整往返日期价格
去程无价格,威海,乌鲁木齐,威海,2026-06-15,2026-06-25,10,,,1960,30,26,lowestPrice API 未返回完整往返日期价格
去程无价格；返程无价格,威海,乌鲁木齐,威海,2026-06-16,2026-06-26,10,,,,30,26,lowestPrice API 未返回完整往返日期价格
返程无价格,威海,乌鲁木齐,威海,2026-06-17,2026-06-27,10,,2140,,30,26,lowestPrice API 未返回完整往返日期价格
去程无价格,威海,乌鲁木齐,威海,2026-06-18,2026-06-28,10,,,2330,30,26,lowestPrice API 未返回完整往返日期价格
去程无价格；返程无价格,威海,乌鲁木齐,威海,2026-06-19,2026-06-29,10,,,,30,26,lowestPrice API 未返回完整往返日期价格
返程无价格,威海,乌鲁木齐,威海,2026-06-20,2026-06-30,10,,1940,,30,26,lowestPrice API 未返回完整往返日期价格
去程无价格,威海,乌鲁木齐,威海,2026-06-22,2026-07-02,10,,,2520,30,26,lowestPrice API 未返回完整往返日期价格
返程无价格,威海,乌鲁木齐,威海,2026-06-24,2026-07-04,10,,2040,,30,26,lowestPrice API 未返回完整往返日期价格
去程无价格；返程无价格,威海,乌鲁木齐,威海,2026-06-26,2026-07-06,10,,,,30,26,lowestPrice API 未返回完整往返日期价格
去程无价格；返程无价格,威海,乌鲁木齐,威海,2026-06-27,2026-07-07,10,,,,30,26,lowestPrice API 未返回完整往返日期价格
去程无价格,威海,乌鲁木齐,威海,2026-06-28,2026-07-08,10,,,2280,30,26,lowestPrice API 未返回完整往返日期价格
返程无价格,威海,乌鲁木齐,威海,2026-06-29,2026-07-09,10,,2140,,30,26,lowestPrice API 未返回完整往返日期价格
去程无价格；返程无价格,威海,乌鲁木齐,威海,2026-06-30,2026-07-10,10,,,,30,26,lowestPrice API 未返回完整往返日期价格
返程无价格,珠海,乌鲁木齐,珠海,2026-06-03,2026-06-13,10,,1490,,57,61,lowestPrice API 未返回完整往返日期价格
去程无价格,珠海,乌鲁木齐,珠海,2026-06-06,2026-06-16,10,,,1010,57,61,lowestPrice API 未返回完整往返日期价格
去程无价格,珠海,乌鲁木齐,珠海,2026-06-08,2026-06-18,10,,,1305,57,61,lowestPrice API 未返回完整往返日期价格
返程无价格,珠海,乌鲁木齐,珠海,2026-06-13,2026-06-23,10,,1460,,57,61,lowestPrice API 未返回完整往返日期价格
返程无价格,珠海,乌鲁木齐,珠海,2026-06-14,2026-06-24,10,,1590,,57,61,lowestPrice API 未返回完整往返日期价格
返程无价格,珠海,乌鲁木齐,珠海,2026-06-16,2026-06-26,10,,1460,,57,61,lowestPrice API 未返回完整往返日期价格
去程无价格；返程无价格,珠海,乌鲁木齐,珠海,2026-06-19,2026-06-29,10,,,,57,61,lowestPrice API 未返回完整往返日期价格
去程无价格；返程无价格,珠海,乌鲁木齐,珠海,2026-06-20,2026-06-30,10,,,,57,61,lowestPrice API 未返回完整往返日期价格
返程无价格,珠海,乌鲁木齐,珠海,2026-06-21,2026-07-01,10,,1690,,57,61,lowestPrice API 未返回完整往返日期价格
去程无价格,珠海,乌鲁木齐,珠海,2026-06-22,2026-07-02,10,,,1390,57,61,lowestPrice API 未返回完整往返日期价格
去程无价格,珠海,乌鲁木齐,珠海,2026-06-24,2026-07-04,10,,,1470,57,61,lowestPrice API 未返回完整往返日期价格
返程无价格,珠海,乌鲁木齐,珠海,2026-06-25,2026-07-05,10,,1300,,57,61,lowestPrice API 未返回完整往返日期价格
返程无价格,珠海,乌鲁木齐,珠海,2026-06-26,2026-07-06,10,,1320,,57,61,lowestPrice API 未返回完整往返日期价格
返程无价格,珠海,乌鲁木齐,珠海,2026-06-28,2026-07-08,10,,1320,,57,61,lowestPrice API 未返回完整往返日期价格
去程无价格,珠海,乌鲁木齐,珠海,2026-06-30,2026-07-10,10,,,1710,57,61,lowestPrice API 未返回完整往返日期价格
去程无价格,汕头,乌鲁木齐,汕头,2026-06-01,2026-06-11,10,,,1020,38,42,lowestPrice API 未返回完整往返日期价格
去程无价格,汕头,乌鲁木齐,汕头,2026-06-02,2026-06-12,10,,,1170,38,42,lowestPrice API 未返回完整往返日期价格
去程无价格；返程无价格,汕头,乌鲁木齐,汕头,2026-06-03,2026-06-13,10,,,,38,42,lowestPrice API 未返回完整往返日期价格
去程无价格,汕头,乌鲁木齐,汕头,2026-06-05,2026-06-15,10,,,1170,38,42,lowestPrice API 未返回完整往返日期价格
去程无价格,汕头,乌鲁木齐,汕头,2026-06-06,2026-06-16,10,,,1170,38,42,lowestPrice API 未返回完整往返日期价格
返程无价格,汕头,乌鲁木齐,汕头,2026-06-07,2026-06-17,10,,1380,,38,42,lowestPrice API 未返回完整往返日期价格
去程无价格,汕头,乌鲁木齐,汕头,2026-06-08,2026-06-18,10,,,1230,38,42,lowestPrice API 未返回完整往返日期价格
返程无价格,汕头,乌鲁木齐,汕头,2026-06-09,2026-06-19,10,,1660,,38,42,lowestPrice API 未返回完整往返日期价格
去程无价格；返程无价格,汕头,乌鲁木齐,汕头,2026-06-11,2026-06-21,10,,,,38,42,lowestPrice API 未返回完整往返日期价格
去程无价格；返程无价格,汕头,乌鲁木齐,汕头,2026-06-12,2026-06-22,10,,,,38,42,lowestPrice API 未返回完整往返日期价格
返程无价格,汕头,乌鲁木齐,汕头,2026-06-13,2026-06-23,10,,1720,,38,42,lowestPrice API 未返回完整往返日期价格
去程无价格,汕头,乌鲁木齐,汕头,2026-06-14,2026-06-24,10,,,1270,38,42,lowestPrice API 未返回完整往返日期价格
去程无价格,汕头,乌鲁木齐,汕头,2026-06-15,2026-06-25,10,,,1360,38,42,lowestPrice API 未返回完整往返日期价格
去程无价格,汕头,乌鲁木齐,汕头,2026-06-16,2026-06-26,10,,,1700,38,42,lowestPrice API 未返回完整往返日期价格
返程无价格,汕头,乌鲁木齐,汕头,2026-06-17,2026-06-27,10,,1670,,38,42,lowestPrice API 未返回完整往返日期价格
去程无价格；返程无价格,汕头,乌鲁木齐,汕头,2026-06-18,2026-06-28,10,,,,38,42,lowestPrice API 未返回完整往返日期价格
去程无价格；返程无价格,汕头,乌鲁木齐,汕头,2026-06-19,2026-06-29,10,,,,38,42,lowestPrice API 未返回完整往返日期价格
返程无价格,汕头,乌鲁木齐,汕头,2026-06-21,2026-07-01,10,,1690,,38,42,lowestPrice API 未返回完整往返日期价格
返程无价格,汕头,乌鲁木齐,汕头,2026-06-22,2026-07-02,10,,1670,,38,42,lowestPrice API 未返回完整往返日期价格
去程无价格,汕头,乌鲁木齐,汕头,2026-06-25,2026-07-05,10,,,1710,38,42,lowestPrice API 未返回完整往返日期价格
去程无价格,汕头,乌鲁木齐,汕头,2026-06-26,2026-07-06,10,,,1870,38,42,lowestPrice API 未返回完整往返日期价格
去程无价格；返程无价格,汕头,乌鲁木齐,汕头,2026-06-27,2026-07-07,10,,,,38,42,lowestPrice API 未返回完整往返日期价格
去程无价格,汕头,乌鲁木齐,汕头,2026-06-30,2026-07-10,10,,,1830,38,42,lowestPrice API 未返回完整往返日期价格
去程无价格；返程无价格,湛江,乌鲁木齐,湛江,2026-06-01,2026-06-11,10,,,,16,14,lowestPrice API 未返回完整往返日期价格
去程无价格；返程无价格,湛江,乌鲁木齐,湛江,2026-06-02,2026-06-12,10,,,,16,14,lowestPrice API 未返回完整往返日期价格
去程无价格；返程无价格,湛江,乌鲁木齐,湛江,2026-06-03,2026-06-13,10,,,,16,14,lowestPrice API 未返回完整往返日期价格
去程无价格；返程无价格,湛江,乌鲁木齐,湛江,2026-06-04,2026-06-14,10,,,,16,14,lowestPrice API 未返回完整往返日期价格
去程无价格；返程无价格,湛江,乌鲁木齐,湛江,2026-06-05,2026-06-15,10,,,,16,14,lowestPrice API 未返回完整往返日期价格
返程无价格,湛江,乌鲁木齐,湛江,2026-06-06,2026-06-16,10,,1730,,16,14,lowestPrice API 未返回完整往返日期价格
去程无价格；返程无价格,湛江,乌鲁木齐,湛江,2026-06-07,2026-06-17,10,,,,16,14,lowestPrice API 未返回完整往返日期价格
去程无价格；返程无价格,湛江,乌鲁木齐,湛江,2026-06-09,2026-06-19,10,,,,16,14,lowestPrice API 未返回完整往返日期价格
返程无价格,湛江,乌鲁木齐,湛江,2026-06-10,2026-06-20,10,,1770,,16,14,lowestPrice API 未返回完整往返日期价格
去程无价格；返程无价格,湛江,乌鲁木齐,湛江,2026-06-11,2026-06-21,10,,,,16,14,lowestPrice API 未返回完整往返日期价格
去程无价格；返程无价格,湛江,乌鲁木齐,湛江,2026-06-12,2026-06-22,10,,,,16,14,lowestPrice API 未返回完整往返日期价格
去程无价格；返程无价格,湛江,乌鲁木齐,湛江,2026-06-13,2026-06-23,10,,,,16,14,lowestPrice API 未返回完整往返日期价格
去程无价格；返程无价格,湛江,乌鲁木齐,湛江,2026-06-14,2026-06-24,10,,,,16,14,lowestPrice API 未返回完整往返日期价格
返程无价格,湛江,乌鲁木齐,湛江,2026-06-15,2026-06-25,10,,1820,,16,14,lowestPrice API 未返回完整往返日期价格
去程无价格；返程无价格,湛江,乌鲁木齐,湛江,2026-06-16,2026-06-26,10,,,,16,14,lowestPrice API 未返回完整往返日期价格
去程无价格；返程无价格,湛江,乌鲁木齐,湛江,2026-06-17,2026-06-27,10,,,,16,14,lowestPrice API 未返回完整往返日期价格
返程无价格,湛江,乌鲁木齐,湛江,2026-06-18,2026-06-28,10,,1820,,16,14,lowestPrice API 未返回完整往返日期价格
去程无价格；返程无价格,湛江,乌鲁木齐,湛江,2026-06-19,2026-06-29,10,,,,16,14,lowestPrice API 未返回完整往返日期价格
去程无价格；返程无价格,湛江,乌鲁木齐,湛江,2026-06-20,2026-06-30,10,,,,16,14,lowestPrice API 未返回完整往返日期价格
去程无价格；返程无价格,湛江,乌鲁木齐,湛江,2026-06-21,2026-07-01,10,,,,16,14,lowestPrice API 未返回完整往返日期价格
去程无价格；返程无价格,湛江,乌鲁木齐,湛江,2026-06-22,2026-07-02,10,,,,16,14,lowestPrice API 未返回完整往返日期价格
去程无价格；返程无价格,湛江,乌鲁木齐,湛江,2026-06-23,2026-07-03,10,,,,16,14,lowestPrice API 未返回完整往返日期价格
去程无价格；返程无价格,湛江,乌鲁木齐,湛江,2026-06-24,2026-07-04,10,,,,16,14,lowestPrice API 未返回完整往返日期价格
去程无价格；返程无价格,湛江,乌鲁木齐,湛江,2026-06-25,2026-07-05,10,,,,16,14,lowestPrice API 未返回完整往返日期价格
去程无价格；返程无价格,湛江,乌鲁木齐,湛江,2026-06-26,2026-07-06,10,,,,16,14,lowestPrice API 未返回完整往返日期价格
去程无价格；返程无价格,湛江,乌鲁木齐,湛江,2026-06-27,2026-07-07,10,,,,16,14,lowestPrice API 未返回完整往返日期价格
去程无价格；返程无价格,湛江,乌鲁木齐,湛江,2026-06-28,2026-07-08,10,,,,16,14,lowestPrice API 未返回完整往返日期价格
去程无价格；返程无价格,湛江,乌鲁木齐,湛江,2026-06-29,2026-07-09,10,,,,16,14,lowestPrice API 未返回完整往返日期价格
去程无价格；返程无价格,湛江,乌鲁木齐,湛江,2026-06-30,2026-07-10,10,,,,16,14,lowestPrice API 未返回完整往返日期价格
返程无价格,南通,乌鲁木齐,南通,2026-06-01,2026-06-11,10,,1500,,44,34,lowestPrice API 未返回完整往返日期价格
去程无价格；返程无价格,南通,乌鲁木齐,南通,2026-06-02,2026-06-12,10,,,,44,34,lowestPrice API 未返回完整往返日期价格
去程无价格,南通,乌鲁木齐,南通,2026-06-03,2026-06-13,10,,,1090,44,34,lowestPrice API 未返回完整往返日期价格
去程无价格,南通,乌鲁木齐,南通,2026-06-04,2026-06-14,10,,,1270,44,34,lowestPrice API 未返回完整往返日期价格
返程无价格,南通,乌鲁木齐,南通,2026-06-06,2026-06-16,10,,1970,,44,34,lowestPrice API 未返回完整往返日期价格
返程无价格,南通,乌鲁木齐,南通,2026-06-07,2026-06-17,10,,1410,,44,34,lowestPrice API 未返回完整往返日期价格
返程无价格,南通,乌鲁木齐,南通,2026-06-08,2026-06-18,10,,1410,,44,34,lowestPrice API 未返回完整往返日期价格
返程无价格,南通,乌鲁木齐,南通,2026-06-10,2026-06-20,10,,1650,,44,34,lowestPrice API 未返回完整往返日期价格
去程无价格；返程无价格,南通,乌鲁木齐,南通,2026-06-11,2026-06-21,10,,,,44,34,lowestPrice API 未返回完整往返日期价格
返程无价格,南通,乌鲁木齐,南通,2026-06-12,2026-06-22,10,,1500,,44,34,lowestPrice API 未返回完整往返日期价格
返程无价格,南通,乌鲁木齐,南通,2026-06-13,2026-06-23,10,,1800,,44,34,lowestPrice API 未返回完整往返日期价格
返程无价格,南通,乌鲁木齐,南通,2026-06-14,2026-06-24,10,,1410,,44,34,lowestPrice API 未返回完整往返日期价格
返程无价格,南通,乌鲁木齐,南通,2026-06-15,2026-06-25,10,,1500,,44,34,lowestPrice API 未返回完整往返日期价格
返程无价格,南通,乌鲁木齐,南通,2026-06-16,2026-06-26,10,,1800,,44,34,lowestPrice API 未返回完整往返日期价格
返程无价格,南通,乌鲁木齐,南通,2026-06-17,2026-06-27,10,,1660,,44,34,lowestPrice API 未返回完整往返日期价格
返程无价格,南通,乌鲁木齐,南通,2026-06-18,2026-06-28,10,,1900,,44,34,lowestPrice API 未返回完整往返日期价格
返程无价格,南通,乌鲁木齐,南通,2026-06-19,2026-06-29,10,,1740,,44,34,lowestPrice API 未返回完整往返日期价格
返程无价格,南通,乌鲁木齐,南通,2026-06-21,2026-07-01,10,,1760,,44,34,lowestPrice API 未返回完整往返日期价格
返程无价格,南通,乌鲁木齐,南通,2026-06-23,2026-07-03,10,,1540,,44,34,lowestPrice API 未返回完整往返日期价格
返程无价格,南通,乌鲁木齐,南通,2026-06-24,2026-07-04,10,,1740,,44,34,lowestPrice API 未返回完整往返日期价格
返程无价格,南通,乌鲁木齐,南通,2026-06-25,2026-07-05,10,,1580,,44,34,lowestPrice API 未返回完整往返日期价格
返程无价格,南通,乌鲁木齐,南通,2026-06-26,2026-07-06,10,,1920,,44,34,lowestPrice API 未返回完整往返日期价格
返程无价格,南通,乌鲁木齐,南通,2026-06-27,2026-07-07,10,,1580,,44,34,lowestPrice API 未返回完整往返日期价格
返程无价格,南通,乌鲁木齐,南通,2026-06-28,2026-07-08,10,,1920,,44,34,lowestPrice API 未返回完整往返日期价格
返程无价格,南通,乌鲁木齐,南通,2026-06-29,2026-07-09,10,,1920,,44,34,lowestPrice API 未返回完整往返日期价格
去程无价格；返程无价格,南通,乌鲁木齐,南通,2026-06-30,2026-07-10,10,,,,44,34,lowestPrice API 未返回完整往返日期价格
返程无价格,徐州,乌鲁木齐,徐州,2026-06-07,2026-06-17,10,,1580,,70,84,lowestPrice API 未返回完整往返日期价格
返程无价格,徐州,乌鲁木齐,徐州,2026-06-09,2026-06-19,10,,1510,,70,84,lowestPrice API 未返回完整往返日期价格
返程无价格,徐州,乌鲁木齐,徐州,2026-06-12,2026-06-22,10,,1550,,70,84,lowestPrice API 未返回完整往返日期价格
去程无价格；返程无价格,徐州,乌鲁木齐,徐州,2026-06-17,2026-06-27,10,,,,70,84,lowestPrice API 未返回完整往返日期价格
去程无价格；返程无价格,徐州,乌鲁木齐,徐州,2026-06-19,2026-06-29,10,,,,70,84,lowestPrice API 未返回完整往返日期价格
去程无价格；返程无价格,徐州,乌鲁木齐,徐州,2026-06-20,2026-06-30,10,,,,70,84,lowestPrice API 未返回完整往返日期价格
返程无价格,徐州,乌鲁木齐,徐州,2026-06-21,2026-07-01,10,,1510,,70,84,lowestPrice API 未返回完整往返日期价格
去程无价格,徐州,乌鲁木齐,徐州,2026-06-22,2026-07-02,10,,,1760,70,84,lowestPrice API 未返回完整往返日期价格
去程无价格,徐州,乌鲁木齐,徐州,2026-06-23,2026-07-03,10,,,1828,70,84,lowestPrice API 未返回完整往返日期价格
返程无价格,徐州,乌鲁木齐,徐州,2026-06-26,2026-07-06,10,,1460,,70,84,lowestPrice API 未返回完整往返日期价格
返程无价格,徐州,乌鲁木齐,徐州,2026-06-28,2026-07-08,10,,1460,,70,84,lowestPrice API 未返回完整往返日期价格
去程无价格；返程无价格,徐州,乌鲁木齐,徐州,2026-06-29,2026-07-09,10,,,,70,84,lowestPrice API 未返回完整往返日期价格
返程无价格,徐州,乌鲁木齐,徐州,2026-06-30,2026-07-10,10,,1930,,70,84,lowestPrice API 未返回完整往返日期价格
去程无价格,扬州,乌鲁木齐,扬州,2026-06-21,2026-07-01,10,,,1800,129,130,lowestPrice API 未返回完整往返日期价格
返程无价格,常州,乌鲁木齐,常州,2026-06-02,2026-06-12,10,,1630,,55,38,lowestPrice API 未返回完整往返日期价格
返程无价格,常州,乌鲁木齐,常州,2026-06-05,2026-06-15,10,,1610,,55,38,lowestPrice API 未返回完整往返日期价格
返程无价格,常州,乌鲁木齐,常州,2026-06-07,2026-06-17,10,,1490,,55,38,lowestPrice API 未返回完整往返日期价格
返程无价格,常州,乌鲁木齐,常州,2026-06-08,2026-06-18,10,,1560,,55,38,lowestPrice API 未返回完整往返日期价格
返程无价格,常州,乌鲁木齐,常州,2026-06-09,2026-06-19,10,,1490,,55,38,lowestPrice API 未返回完整往返日期价格
返程无价格,常州,乌鲁木齐,常州,2026-06-10,2026-06-20,10,,1560,,55,38,lowestPrice API 未返回完整往返日期价格
返程无价格,常州,乌鲁木齐,常州,2026-06-12,2026-06-22,10,,1780,,55,38,lowestPrice API 未返回完整往返日期价格
返程无价格,常州,乌鲁木齐,常州,2026-06-14,2026-06-24,10,,1560,,55,38,lowestPrice API 未返回完整往返日期价格
返程无价格,常州,乌鲁木齐,常州,2026-06-16,2026-06-26,10,,1560,,55,38,lowestPrice API 未返回完整往返日期价格
返程无价格,常州,乌鲁木齐,常州,2026-06-17,2026-06-27,10,,1665,,55,38,lowestPrice API 未返回完整往返日期价格
返程无价格,常州,乌鲁木齐,常州,2026-06-18,2026-06-28,10,,1795,,55,38,lowestPrice API 未返回完整往返日期价格
返程无价格,常州,乌鲁木齐,常州,2026-06-19,2026-06-29,10,,1610,,55,38,lowestPrice API 未返回完整往返日期价格
返程无价格,常州,乌鲁木齐,常州,2026-06-20,2026-06-30,10,,1610,,55,38,lowestPrice API 未返回完整往返日期价格
返程无价格,常州,乌鲁木齐,常州,2026-06-21,2026-07-01,10,,1610,,55,38,lowestPrice API 未返回完整往返日期价格
返程无价格,常州,乌鲁木齐,常州,2026-06-23,2026-07-03,10,,1610,,55,38,lowestPrice API 未返回完整往返日期价格
返程无价格,常州,乌鲁木齐,常州,2026-06-25,2026-07-05,10,,1770,,55,38,lowestPrice API 未返回完整往返日期价格
返程无价格,常州,乌鲁木齐,常州,2026-06-26,2026-07-06,10,,2350,,55,38,lowestPrice API 未返回完整往返日期价格
返程无价格,常州,乌鲁木齐,常州,2026-06-28,2026-07-08,10,,1795,,55,38,lowestPrice API 未返回完整往返日期价格
去程无价格；返程无价格,常州,乌鲁木齐,常州,2026-06-29,2026-07-09,10,,,,55,38,lowestPrice API 未返回完整往返日期价格
返程无价格,常州,乌鲁木齐,常州,2026-06-30,2026-07-10,10,,1890,,55,38,lowestPrice API 未返回完整往返日期价格
去程无价格,无锡,乌鲁木齐,无锡,2026-06-02,2026-06-12,10,,,1390,38,36,lowestPrice API 未返回完整往返日期价格
返程无价格,无锡,乌鲁木齐,无锡,2026-06-07,2026-06-17,10,,1500,,38,36,lowestPrice API 未返回完整往返日期价格
去程无价格；返程无价格,无锡,乌鲁木齐,无锡,2026-06-08,2026-06-18,10,,,,38,36,lowestPrice API 未返回完整往返日期价格
去程无价格；返程无价格,无锡,乌鲁木齐,无锡,2026-06-10,2026-06-20,10,,,,38,36,lowestPrice API 未返回完整往返日期价格
去程无价格；返程无价格,无锡,乌鲁木齐,无锡,2026-06-11,2026-06-21,10,,,,38,36,lowestPrice API 未返回完整往返日期价格
返程无价格,无锡,乌鲁木齐,无锡,2026-06-12,2026-06-22,10,,1970,,38,36,lowestPrice API 未返回完整往返日期价格
返程无价格,无锡,乌鲁木齐,无锡,2026-06-14,2026-06-24,10,,1680,,38,36,lowestPrice API 未返回完整往返日期价格
返程无价格,无锡,乌鲁木齐,无锡,2026-06-15,2026-06-25,10,,1590,,38,36,lowestPrice API 未返回完整往返日期价格
返程无价格,无锡,乌鲁木齐,无锡,2026-06-17,2026-06-27,10,,1800,,38,36,lowestPrice API 未返回完整往返日期价格
去程无价格,无锡,乌鲁木齐,无锡,2026-06-18,2026-06-28,10,,,1610,38,36,lowestPrice API 未返回完整往返日期价格
返程无价格,无锡,乌鲁木齐,无锡,2026-06-19,2026-06-29,10,,1740,,38,36,lowestPrice API 未返回完整往返日期价格
返程无价格,无锡,乌鲁木齐,无锡,2026-06-21,2026-07-01,10,,1920,,38,36,lowestPrice API 未返回完整往返日期价格
去程无价格；返程无价格,无锡,乌鲁木齐,无锡,2026-06-22,2026-07-02,10,,,,38,36,lowestPrice API 未返回完整往返日期价格
去程无价格；返程无价格,无锡,乌鲁木齐,无锡,2026-06-23,2026-07-03,10,,,,38,36,lowestPrice API 未返回完整往返日期价格
去程无价格；返程无价格,无锡,乌鲁木齐,无锡,2026-06-24,2026-07-04,10,,,,38,36,lowestPrice API 未返回完整往返日期价格
去程无价格；返程无价格,无锡,乌鲁木齐,无锡,2026-06-25,2026-07-05,10,,,,38,36,lowestPrice API 未返回完整往返日期价格
去程无价格；返程无价格,无锡,乌鲁木齐,无锡,2026-06-26,2026-07-06,10,,,,38,36,lowestPrice API 未返回完整往返日期价格
返程无价格,无锡,乌鲁木齐,无锡,2026-06-27,2026-07-07,10,,2325,,38,36,lowestPrice API 未返回完整往返日期价格
去程无价格；返程无价格,无锡,乌鲁木齐,无锡,2026-06-28,2026-07-08,10,,,,38,36,lowestPrice API 未返回完整往返日期价格
去程无价格；返程无价格,无锡,乌鲁木齐,无锡,2026-06-29,2026-07-09,10,,,,38,36,lowestPrice API 未返回完整往返日期价格
去程无价格；返程无价格,无锡,乌鲁木齐,无锡,2026-06-30,2026-07-10,10,,,,38,36,lowestPrice API 未返回完整往返日期价格
去程无价格；返程无价格,台州,乌鲁木齐,台州,2026-06-02,2026-06-12,10,,,,52,36,lowestPrice API 未返回完整往返日期价格
返程无价格,台州,乌鲁木齐,台州,2026-06-03,2026-06-13,10,,1600,,52,36,lowestPrice API 未返回完整往返日期价格
返程无价格,台州,乌鲁木齐,台州,2026-06-05,2026-06-15,10,,1820,,52,36,lowestPrice API 未返回完整往返日期价格
返程无价格,台州,乌鲁木齐,台州,2026-06-08,2026-06-18,10,,1600,,52,36,lowestPrice API 未返回完整往返日期价格
返程无价格,台州,乌鲁木齐,台州,2026-06-09,2026-06-19,10,,1600,,52,36,lowestPrice API 未返回完整往返日期价格
返程无价格,台州,乌鲁木齐,台州,2026-06-10,2026-06-20,10,,1600,,52,36,lowestPrice API 未返回完整往返日期价格
返程无价格,台州,乌鲁木齐,台州,2026-06-11,2026-06-21,10,,1600,,52,36,lowestPrice API 未返回完整往返日期价格
去程无价格；返程无价格,台州,乌鲁木齐,台州,2026-06-12,2026-06-22,10,,,,52,36,lowestPrice API 未返回完整往返日期价格
返程无价格,台州,乌鲁木齐,台州,2026-06-13,2026-06-23,10,,1810,,52,36,lowestPrice API 未返回完整往返日期价格
返程无价格,台州,乌鲁木齐,台州,2026-06-15,2026-06-25,10,,1600,,52,36,lowestPrice API 未返回完整往返日期价格
返程无价格,台州,乌鲁木齐,台州,2026-06-16,2026-06-26,10,,1720,,52,36,lowestPrice API 未返回完整往返日期价格
返程无价格,台州,乌鲁木齐,台州,2026-06-17,2026-06-27,10,,1640,,52,36,lowestPrice API 未返回完整往返日期价格
返程无价格,台州,乌鲁木齐,台州,2026-06-18,2026-06-28,10,,1860,,52,36,lowestPrice API 未返回完整往返日期价格
返程无价格,台州,乌鲁木齐,台州,2026-06-19,2026-06-29,10,,1820,,52,36,lowestPrice API 未返回完整往返日期价格
返程无价格,台州,乌鲁木齐,台州,2026-06-20,2026-06-30,10,,1640,,52,36,lowestPrice API 未返回完整往返日期价格
返程无价格,台州,乌鲁木齐,台州,2026-06-21,2026-07-01,10,,1915,,52,36,lowestPrice API 未返回完整往返日期价格
返程无价格,台州,乌鲁木齐,台州,2026-06-24,2026-07-04,10,,1915,,52,36,lowestPrice API 未返回完整往返日期价格
返程无价格,台州,乌鲁木齐,台州,2026-06-26,2026-07-06,10,,1915,,52,36,lowestPrice API 未返回完整往返日期价格
返程无价格,台州,乌鲁木齐,台州,2026-06-27,2026-07-07,10,,1880,,52,36,lowestPrice API 未返回完整往返日期价格
返程无价格,台州,乌鲁木齐,台州,2026-06-29,2026-07-09,10,,2260,,52,36,lowestPrice API 未返回完整往返日期价格
返程无价格,台州,乌鲁木齐,台州,2026-06-30,2026-07-10,10,,2260,,52,36,lowestPrice API 未返回完整往返日期价格
去程无价格；返程无价格,义乌,乌鲁木齐,义乌,2026-06-01,2026-06-11,10,,,,34,28,lowestPrice API 未返回完整往返日期价格
返程无价格,义乌,乌鲁木齐,义乌,2026-06-04,2026-06-14,10,,1480,,34,28,lowestPrice API 未返回完整往返日期价格
返程无价格,义乌,乌鲁木齐,义乌,2026-06-07,2026-06-17,10,,1709,,34,28,lowestPrice API 未返回完整往返日期价格
返程无价格,义乌,乌鲁木齐,义乌,2026-06-08,2026-06-18,10,,1640,,34,28,lowestPrice API 未返回完整往返日期价格
返程无价格,义乌,乌鲁木齐,义乌,2026-06-09,2026-06-19,10,,1665,,34,28,lowestPrice API 未返回完整往返日期价格
去程无价格,义乌,乌鲁木齐,义乌,2026-06-10,2026-06-20,10,,,1710,34,28,lowestPrice API 未返回完整往返日期价格
返程无价格,义乌,乌鲁木齐,义乌,2026-06-11,2026-06-21,10,,1640,,34,28,lowestPrice API 未返回完整往返日期价格
返程无价格,义乌,乌鲁木齐,义乌,2026-06-12,2026-06-22,10,,1640,,34,28,lowestPrice API 未返回完整往返日期价格
返程无价格,义乌,乌鲁木齐,义乌,2026-06-14,2026-06-24,10,,1640,,34,28,lowestPrice API 未返回完整往返日期价格
返程无价格,义乌,乌鲁木齐,义乌,2026-06-15,2026-06-25,10,,1640,,34,28,lowestPrice API 未返回完整往返日期价格
返程无价格,义乌,乌鲁木齐,义乌,2026-06-16,2026-06-26,10,,1640,,34,28,lowestPrice API 未返回完整往返日期价格
去程无价格；返程无价格,义乌,乌鲁木齐,义乌,2026-06-17,2026-06-27,10,,,,34,28,lowestPrice API 未返回完整往返日期价格
去程无价格；返程无价格,义乌,乌鲁木齐,义乌,2026-06-18,2026-06-28,10,,,,34,28,lowestPrice API 未返回完整往返日期价格
返程无价格,义乌,乌鲁木齐,义乌,2026-06-19,2026-06-29,10,,1790,,34,28,lowestPrice API 未返回完整往返日期价格
去程无价格；返程无价格,义乌,乌鲁木齐,义乌,2026-06-20,2026-06-30,10,,,,34,28,lowestPrice API 未返回完整往返日期价格
去程无价格；返程无价格,义乌,乌鲁木齐,义乌,2026-06-21,2026-07-01,10,,,,34,28,lowestPrice API 未返回完整往返日期价格
去程无价格；返程无价格,义乌,乌鲁木齐,义乌,2026-06-22,2026-07-02,10,,,,34,28,lowestPrice API 未返回完整往返日期价格
去程无价格；返程无价格,义乌,乌鲁木齐,义乌,2026-06-23,2026-07-03,10,,,,34,28,lowestPrice API 未返回完整往返日期价格
去程无价格；返程无价格,义乌,乌鲁木齐,义乌,2026-06-24,2026-07-04,10,,,,34,28,lowestPrice API 未返回完整往返日期价格
去程无价格；返程无价格,义乌,乌鲁木齐,义乌,2026-06-25,2026-07-05,10,,,,34,28,lowestPrice API 未返回完整往返日期价格
去程无价格；返程无价格,义乌,乌鲁木齐,义乌,2026-06-26,2026-07-06,10,,,,34,28,lowestPrice API 未返回完整往返日期价格
返程无价格,义乌,乌鲁木齐,义乌,2026-06-27,2026-07-07,10,,1950,,34,28,lowestPrice API 未返回完整往返日期价格
返程无价格,义乌,乌鲁木齐,义乌,2026-06-28,2026-07-08,10,,2215,,34,28,lowestPrice API 未返回完整往返日期价格
去程无价格,义乌,乌鲁木齐,义乌,2026-06-29,2026-07-09,10,,,1782,34,28,lowestPrice API 未返回完整往返日期价格
去程无价格；返程无价格,义乌,乌鲁木齐,义乌,2026-06-30,2026-07-10,10,,,,34,28,lowestPrice API 未返回完整往返日期价格
去程无价格,绵阳,乌鲁木齐,绵阳,2026-06-04,2026-06-14,10,,,1000,46,50,lowestPrice API 未返回完整往返日期价格
返程无价格,绵阳,乌鲁木齐,绵阳,2026-06-10,2026-06-20,10,,1290,,46,50,lowestPrice API 未返回完整往返日期价格
返程无价格,绵阳,乌鲁木齐,绵阳,2026-06-14,2026-06-24,10,,1290,,46,50,lowestPrice API 未返回完整往返日期价格
返程无价格,绵阳,乌鲁木齐,绵阳,2026-06-15,2026-06-25,10,,1290,,46,50,lowestPrice API 未返回完整往返日期价格
返程无价格,绵阳,乌鲁木齐,绵阳,2026-06-17,2026-06-27,10,,1290,,46,50,lowestPrice API 未返回完整往返日期价格
去程无价格,绵阳,乌鲁木齐,绵阳,2026-06-18,2026-06-28,10,,,1290,46,50,lowestPrice API 未返回完整往返日期价格
返程无价格,绵阳,乌鲁木齐,绵阳,2026-06-19,2026-06-29,10,,1530,,46,50,lowestPrice API 未返回完整往返日期价格
去程无价格；返程无价格,绵阳,乌鲁木齐,绵阳,2026-06-21,2026-07-01,10,,,,46,50,lowestPrice API 未返回完整往返日期价格
去程无价格；返程无价格,绵阳,乌鲁木齐,绵阳,2026-06-22,2026-07-02,10,,,,46,50,lowestPrice API 未返回完整往返日期价格
去程无价格；返程无价格,绵阳,乌鲁木齐,绵阳,2026-06-23,2026-07-03,10,,,,46,50,lowestPrice API 未返回完整往返日期价格
去程无价格,绵阳,乌鲁木齐,绵阳,2026-06-24,2026-07-04,10,,,1310,46,50,lowestPrice API 未返回完整往返日期价格
去程无价格,绵阳,乌鲁木齐,绵阳,2026-06-25,2026-07-05,10,,,1310,46,50,lowestPrice API 未返回完整往返日期价格
返程无价格,绵阳,乌鲁木齐,绵阳,2026-06-26,2026-07-06,10,,1530,,46,50,lowestPrice API 未返回完整往返日期价格
去程无价格；返程无价格,绵阳,乌鲁木齐,绵阳,2026-06-28,2026-07-08,10,,,,46,50,lowestPrice API 未返回完整往返日期价格
去程无价格；返程无价格,绵阳,乌鲁木齐,绵阳,2026-06-29,2026-07-09,10,,,,46,50,lowestPrice API 未返回完整往返日期价格
去程无价格,绵阳,乌鲁木齐,绵阳,2026-06-30,2026-07-10,10,,,1310,46,50,lowestPrice API 未返回完整往返日期价格
返程无价格,宜宾,乌鲁木齐,宜宾,2026-06-01,2026-06-11,10,,1590,,31,34,lowestPrice API 未返回完整往返日期价格
返程无价格,宜宾,乌鲁木齐,宜宾,2026-06-03,2026-06-13,10,,1590,,31,34,lowestPrice API 未返回完整往返日期价格
去程无价格,宜宾,乌鲁木齐,宜宾,2026-06-04,2026-06-14,10,,,1370,31,34,lowestPrice API 未返回完整往返日期价格
去程无价格；返程无价格,宜宾,乌鲁木齐,宜宾,2026-06-06,2026-06-16,10,,,,31,34,lowestPrice API 未返回完整往返日期价格
返程无价格,宜宾,乌鲁木齐,宜宾,2026-06-07,2026-06-17,10,,1370,,31,34,lowestPrice API 未返回完整往返日期价格
返程无价格,宜宾,乌鲁木齐,宜宾,2026-06-08,2026-06-18,10,,1370,,31,34,lowestPrice API 未返回完整往返日期价格
返程无价格,宜宾,乌鲁木齐,宜宾,2026-06-09,2026-06-19,10,,1660,,31,34,lowestPrice API 未返回完整往返日期价格
返程无价格,宜宾,乌鲁木齐,宜宾,2026-06-10,2026-06-20,10,,1370,,31,34,lowestPrice API 未返回完整往返日期价格
去程无价格；返程无价格,宜宾,乌鲁木齐,宜宾,2026-06-11,2026-06-21,10,,,,31,34,lowestPrice API 未返回完整往返日期价格
返程无价格,宜宾,乌鲁木齐,宜宾,2026-06-12,2026-06-22,10,,1620,,31,34,lowestPrice API 未返回完整往返日期价格
返程无价格,宜宾,乌鲁木齐,宜宾,2026-06-13,2026-06-23,10,,1970,,31,34,lowestPrice API 未返回完整往返日期价格
返程无价格,宜宾,乌鲁木齐,宜宾,2026-06-14,2026-06-24,10,,1620,,31,34,lowestPrice API 未返回完整往返日期价格
返程无价格,宜宾,乌鲁木齐,宜宾,2026-06-15,2026-06-25,10,,1620,,31,34,lowestPrice API 未返回完整往返日期价格
去程无价格；返程无价格,宜宾,乌鲁木齐,宜宾,2026-06-16,2026-06-26,10,,,,31,34,lowestPrice API 未返回完整往返日期价格
去程无价格；返程无价格,宜宾,乌鲁木齐,宜宾,2026-06-17,2026-06-27,10,,,,31,34,lowestPrice API 未返回完整往返日期价格
去程无价格,宜宾,乌鲁木齐,宜宾,2026-06-18,2026-06-28,10,,,1370,31,34,lowestPrice API 未返回完整往返日期价格
去程无价格；返程无价格,宜宾,乌鲁木齐,宜宾,2026-06-19,2026-06-29,10,,,,31,34,lowestPrice API 未返回完整往返日期价格
去程无价格；返程无价格,宜宾,乌鲁木齐,宜宾,2026-06-20,2026-06-30,10,,,,31,34,lowestPrice API 未返回完整往返日期价格
去程无价格；返程无价格,宜宾,乌鲁木齐,宜宾,2026-06-21,2026-07-01,10,,,,31,34,lowestPrice API 未返回完整往返日期价格
去程无价格；返程无价格,宜宾,乌鲁木齐,宜宾,2026-06-22,2026-07-02,10,,,,31,34,lowestPrice API 未返回完整往返日期价格
去程无价格；返程无价格,宜宾,乌鲁木齐,宜宾,2026-06-23,2026-07-03,10,,,,31,34,lowestPrice API 未返回完整往返日期价格
去程无价格；返程无价格,宜宾,乌鲁木齐,宜宾,2026-06-24,2026-07-04,10,,,,31,34,lowestPrice API 未返回完整往返日期价格
去程无价格；返程无价格,宜宾,乌鲁木齐,宜宾,2026-06-25,2026-07-05,10,,,,31,34,lowestPrice API 未返回完整往返日期价格
去程无价格；返程无价格,宜宾,乌鲁木齐,宜宾,2026-06-26,2026-07-06,10,,,,31,34,lowestPrice API 未返回完整往返日期价格
去程无价格,宜宾,乌鲁木齐,宜宾,2026-06-27,2026-07-07,10,,,2745,31,34,lowestPrice API 未返回完整往返日期价格
去程无价格,宜宾,乌鲁木齐,宜宾,2026-06-29,2026-07-09,10,,,2745,31,34,lowestPrice API 未返回完整往返日期价格
去程无价格,宜宾,乌鲁木齐,宜宾,2026-06-30,2026-07-10,10,,,1370,31,34,lowestPrice API 未返回完整往返日期价格
返程无价格,泸州,乌鲁木齐,泸州,2026-06-05,2026-06-15,10,,1360,,32,29,lowestPrice API 未返回完整往返日期价格
返程无价格,泸州,乌鲁木齐,泸州,2026-06-08,2026-06-18,10,,1300,,32,29,lowestPrice API 未返回完整往返日期价格
返程无价格,泸州,乌鲁木齐,泸州,2026-06-09,2026-06-19,10,,1300,,32,29,lowestPrice API 未返回完整往返日期价格
返程无价格,泸州,乌鲁木齐,泸州,2026-06-10,2026-06-20,10,,1330,,32,29,lowestPrice API 未返回完整往返日期价格
返程无价格,泸州,乌鲁木齐,泸州,2026-06-11,2026-06-21,10,,1860,,32,29,lowestPrice API 未返回完整往返日期价格
返程无价格,泸州,乌鲁木齐,泸州,2026-06-12,2026-06-22,10,,1500,,32,29,lowestPrice API 未返回完整往返日期价格
返程无价格,泸州,乌鲁木齐,泸州,2026-06-13,2026-06-23,10,,1780,,32,29,lowestPrice API 未返回完整往返日期价格
返程无价格,泸州,乌鲁木齐,泸州,2026-06-14,2026-06-24,10,,1500,,32,29,lowestPrice API 未返回完整往返日期价格
返程无价格,泸州,乌鲁木齐,泸州,2026-06-15,2026-06-25,10,,1300,,32,29,lowestPrice API 未返回完整往返日期价格
返程无价格,泸州,乌鲁木齐,泸州,2026-06-16,2026-06-26,10,,1780,,32,29,lowestPrice API 未返回完整往返日期价格
去程无价格；返程无价格,泸州,乌鲁木齐,泸州,2026-06-17,2026-06-27,10,,,,32,29,lowestPrice API 未返回完整往返日期价格
去程无价格；返程无价格,泸州,乌鲁木齐,泸州,2026-06-18,2026-06-28,10,,,,32,29,lowestPrice API 未返回完整往返日期价格
去程无价格；返程无价格,泸州,乌鲁木齐,泸州,2026-06-19,2026-06-29,10,,,,32,29,lowestPrice API 未返回完整往返日期价格
去程无价格；返程无价格,泸州,乌鲁木齐,泸州,2026-06-20,2026-06-30,10,,,,32,29,lowestPrice API 未返回完整往返日期价格
去程无价格；返程无价格,泸州,乌鲁木齐,泸州,2026-06-21,2026-07-01,10,,,,32,29,lowestPrice API 未返回完整往返日期价格
去程无价格；返程无价格,泸州,乌鲁木齐,泸州,2026-06-22,2026-07-02,10,,,,32,29,lowestPrice API 未返回完整往返日期价格
去程无价格；返程无价格,泸州,乌鲁木齐,泸州,2026-06-23,2026-07-03,10,,,,32,29,lowestPrice API 未返回完整往返日期价格
去程无价格；返程无价格,泸州,乌鲁木齐,泸州,2026-06-24,2026-07-04,10,,,,32,29,lowestPrice API 未返回完整往返日期价格
去程无价格；返程无价格,泸州,乌鲁木齐,泸州,2026-06-25,2026-07-05,10,,,,32,29,lowestPrice API 未返回完整往返日期价格
去程无价格；返程无价格,泸州,乌鲁木齐,泸州,2026-06-26,2026-07-06,10,,,,32,29,lowestPrice API 未返回完整往返日期价格
去程无价格；返程无价格,泸州,乌鲁木齐,泸州,2026-06-27,2026-07-07,10,,,,32,29,lowestPrice API 未返回完整往返日期价格
去程无价格；返程无价格,泸州,乌鲁木齐,泸州,2026-06-28,2026-07-08,10,,,,32,29,lowestPrice API 未返回完整往返日期价格
去程无价格；返程无价格,泸州,乌鲁木齐,泸州,2026-06-29,2026-07-09,10,,,,32,29,lowestPrice API 未返回完整往返日期价格
去程无价格；返程无价格,泸州,乌鲁木齐,泸州,2026-06-30,2026-07-10,10,,,,32,29,lowestPrice API 未返回完整往返日期价格
去程无价格；返程无价格,丽江,乌鲁木齐,丽江,2026-06-01,2026-06-11,10,,,,12,10,lowestPrice API 未返回完整往返日期价格
去程无价格；返程无价格,丽江,乌鲁木齐,丽江,2026-06-02,2026-06-12,10,,,,12,10,lowestPrice API 未返回完整往返日期价格
去程无价格；返程无价格,丽江,乌鲁木齐,丽江,2026-06-03,2026-06-13,10,,,,12,10,lowestPrice API 未返回完整往返日期价格
去程无价格；返程无价格,丽江,乌鲁木齐,丽江,2026-06-04,2026-06-14,10,,,,12,10,lowestPrice API 未返回完整往返日期价格
去程无价格；返程无价格,丽江,乌鲁木齐,丽江,2026-06-05,2026-06-15,10,,,,12,10,lowestPrice API 未返回完整往返日期价格
去程无价格；返程无价格,丽江,乌鲁木齐,丽江,2026-06-06,2026-06-16,10,,,,12,10,lowestPrice API 未返回完整往返日期价格
去程无价格；返程无价格,丽江,乌鲁木齐,丽江,2026-06-07,2026-06-17,10,,,,12,10,lowestPrice API 未返回完整往返日期价格
去程无价格；返程无价格,丽江,乌鲁木齐,丽江,2026-06-08,2026-06-18,10,,,,12,10,lowestPrice API 未返回完整往返日期价格
去程无价格；返程无价格,丽江,乌鲁木齐,丽江,2026-06-09,2026-06-19,10,,,,12,10,lowestPrice API 未返回完整往返日期价格
去程无价格；返程无价格,丽江,乌鲁木齐,丽江,2026-06-10,2026-06-20,10,,,,12,10,lowestPrice API 未返回完整往返日期价格
去程无价格；返程无价格,丽江,乌鲁木齐,丽江,2026-06-11,2026-06-21,10,,,,12,10,lowestPrice API 未返回完整往返日期价格
去程无价格；返程无价格,丽江,乌鲁木齐,丽江,2026-06-12,2026-06-22,10,,,,12,10,lowestPrice API 未返回完整往返日期价格
去程无价格；返程无价格,丽江,乌鲁木齐,丽江,2026-06-13,2026-06-23,10,,,,12,10,lowestPrice API 未返回完整往返日期价格
去程无价格；返程无价格,丽江,乌鲁木齐,丽江,2026-06-14,2026-06-24,10,,,,12,10,lowestPrice API 未返回完整往返日期价格
去程无价格；返程无价格,丽江,乌鲁木齐,丽江,2026-06-15,2026-06-25,10,,,,12,10,lowestPrice API 未返回完整往返日期价格
去程无价格；返程无价格,丽江,乌鲁木齐,丽江,2026-06-16,2026-06-26,10,,,,12,10,lowestPrice API 未返回完整往返日期价格
去程无价格；返程无价格,丽江,乌鲁木齐,丽江,2026-06-17,2026-06-27,10,,,,12,10,lowestPrice API 未返回完整往返日期价格
去程无价格；返程无价格,丽江,乌鲁木齐,丽江,2026-06-18,2026-06-28,10,,,,12,10,lowestPrice API 未返回完整往返日期价格
去程无价格；返程无价格,丽江,乌鲁木齐,丽江,2026-06-19,2026-06-29,10,,,,12,10,lowestPrice API 未返回完整往返日期价格
去程无价格；返程无价格,丽江,乌鲁木齐,丽江,2026-06-20,2026-06-30,10,,,,12,10,lowestPrice API 未返回完整往返日期价格
去程无价格；返程无价格,丽江,乌鲁木齐,丽江,2026-06-21,2026-07-01,10,,,,12,10,lowestPrice API 未返回完整往返日期价格
去程无价格；返程无价格,丽江,乌鲁木齐,丽江,2026-06-22,2026-07-02,10,,,,12,10,lowestPrice API 未返回完整往返日期价格
去程无价格；返程无价格,丽江,乌鲁木齐,丽江,2026-06-23,2026-07-03,10,,,,12,10,lowestPrice API 未返回完整往返日期价格
去程无价格；返程无价格,丽江,乌鲁木齐,丽江,2026-06-24,2026-07-04,10,,,,12,10,lowestPrice API 未返回完整往返日期价格
去程无价格；返程无价格,丽江,乌鲁木齐,丽江,2026-06-25,2026-07-05,10,,,,12,10,lowestPrice API 未返回完整往返日期价格
去程无价格；返程无价格,丽江,乌鲁木齐,丽江,2026-06-26,2026-07-06,10,,,,12,10,lowestPrice API 未返回完整往返日期价格
去程无价格；返程无价格,丽江,乌鲁木齐,丽江,2026-06-27,2026-07-07,10,,,,12,10,lowestPrice API 未返回完整往返日期价格
去程无价格；返程无价格,丽江,乌鲁木齐,丽江,2026-06-28,2026-07-08,10,,,,12,10,lowestPrice API 未返回完整往返日期价格
去程无价格；返程无价格,丽江,乌鲁木齐,丽江,2026-06-29,2026-07-09,10,,,,12,10,lowestPrice API 未返回完整往返日期价格
去程无价格；返程无价格,丽江,乌鲁木齐,丽江,2026-06-30,2026-07-10,10,,,,12,10,lowestPrice API 未返回完整往返日期价格
返程无价格,大理,乌鲁木齐,大理,2026-06-01,2026-06-11,10,,1460,,14,14,lowestPrice API 未返回完整往返日期价格
去程无价格；返程无价格,大理,乌鲁木齐,大理,2026-06-02,2026-06-12,10,,,,14,14,lowestPrice API 未返回完整往返日期价格
去程无价格；返程无价格,大理,乌鲁木齐,大理,2026-06-03,2026-06-13,10,,,,14,14,lowestPrice API 未返回完整往返日期价格
返程无价格,大理,乌鲁木齐,大理,2026-06-04,2026-06-14,10,,1320,,14,14,lowestPrice API 未返回完整往返日期价格
去程无价格；返程无价格,大理,乌鲁木齐,大理,2026-06-05,2026-06-15,10,,,,14,14,lowestPrice API 未返回完整往返日期价格
去程无价格；返程无价格,大理,乌鲁木齐,大理,2026-06-06,2026-06-16,10,,,,14,14,lowestPrice API 未返回完整往返日期价格
去程无价格；返程无价格,大理,乌鲁木齐,大理,2026-06-07,2026-06-17,10,,,,14,14,lowestPrice API 未返回完整往返日期价格
去程无价格；返程无价格,大理,乌鲁木齐,大理,2026-06-08,2026-06-18,10,,,,14,14,lowestPrice API 未返回完整往返日期价格
去程无价格；返程无价格,大理,乌鲁木齐,大理,2026-06-09,2026-06-19,10,,,,14,14,lowestPrice API 未返回完整往返日期价格
去程无价格；返程无价格,大理,乌鲁木齐,大理,2026-06-10,2026-06-20,10,,,,14,14,lowestPrice API 未返回完整往返日期价格
去程无价格；返程无价格,大理,乌鲁木齐,大理,2026-06-11,2026-06-21,10,,,,14,14,lowestPrice API 未返回完整往返日期价格
去程无价格,大理,乌鲁木齐,大理,2026-06-12,2026-06-22,10,,,1210,14,14,lowestPrice API 未返回完整往返日期价格
去程无价格；返程无价格,大理,乌鲁木齐,大理,2026-06-13,2026-06-23,10,,,,14,14,lowestPrice API 未返回完整往返日期价格
去程无价格；返程无价格,大理,乌鲁木齐,大理,2026-06-14,2026-06-24,10,,,,14,14,lowestPrice API 未返回完整往返日期价格
去程无价格；返程无价格,大理,乌鲁木齐,大理,2026-06-15,2026-06-25,10,,,,14,14,lowestPrice API 未返回完整往返日期价格
去程无价格；返程无价格,大理,乌鲁木齐,大理,2026-06-16,2026-06-26,10,,,,14,14,lowestPrice API 未返回完整往返日期价格
去程无价格；返程无价格,大理,乌鲁木齐,大理,2026-06-17,2026-06-27,10,,,,14,14,lowestPrice API 未返回完整往返日期价格
去程无价格；返程无价格,大理,乌鲁木齐,大理,2026-06-18,2026-06-28,10,,,,14,14,lowestPrice API 未返回完整往返日期价格
去程无价格；返程无价格,大理,乌鲁木齐,大理,2026-06-19,2026-06-29,10,,,,14,14,lowestPrice API 未返回完整往返日期价格
去程无价格；返程无价格,大理,乌鲁木齐,大理,2026-06-20,2026-06-30,10,,,,14,14,lowestPrice API 未返回完整往返日期价格
去程无价格；返程无价格,大理,乌鲁木齐,大理,2026-06-21,2026-07-01,10,,,,14,14,lowestPrice API 未返回完整往返日期价格
去程无价格；返程无价格,大理,乌鲁木齐,大理,2026-06-22,2026-07-02,10,,,,14,14,lowestPrice API 未返回完整往返日期价格
去程无价格；返程无价格,大理,乌鲁木齐,大理,2026-06-23,2026-07-03,10,,,,14,14,lowestPrice API 未返回完整往返日期价格
去程无价格,大理,乌鲁木齐,大理,2026-06-24,2026-07-04,10,,,1647,14,14,lowestPrice API 未返回完整往返日期价格
去程无价格；返程无价格,大理,乌鲁木齐,大理,2026-06-25,2026-07-05,10,,,,14,14,lowestPrice API 未返回完整往返日期价格
去程无价格；返程无价格,大理,乌鲁木齐,大理,2026-06-26,2026-07-06,10,,,,14,14,lowestPrice API 未返回完整往返日期价格
去程无价格；返程无价格,大理,乌鲁木齐,大理,2026-06-27,2026-07-07,10,,,,14,14,lowestPrice API 未返回完整往返日期价格
去程无价格；返程无价格,大理,乌鲁木齐,大理,2026-06-28,2026-07-08,10,,,,14,14,lowestPrice API 未返回完整往返日期价格
去程无价格；返程无价格,大理,乌鲁木齐,大理,2026-06-29,2026-07-09,10,,,,14,14,lowestPrice API 未返回完整往返日期价格
去程无价格；返程无价格,大理,乌鲁木齐,大理,2026-06-30,2026-07-10,10,,,,14,14,lowestPrice API 未返回完整往返日期价格
返程无价格,西双版纳,乌鲁木齐,西双版纳,2026-06-01,2026-06-11,10,,1510,,16,16,lowestPrice API 未返回完整往返日期价格
去程无价格；返程无价格,西双版纳,乌鲁木齐,西双版纳,2026-06-02,2026-06-12,10,,,,16,16,lowestPrice API 未返回完整往返日期价格
去程无价格；返程无价格,西双版纳,乌鲁木齐,西双版纳,2026-06-03,2026-06-13,10,,,,16,16,lowestPrice API 未返回完整往返日期价格
去程无价格；返程无价格,西双版纳,乌鲁木齐,西双版纳,2026-06-04,2026-06-14,10,,,,16,16,lowestPrice API 未返回完整往返日期价格
去程无价格；返程无价格,西双版纳,乌鲁木齐,西双版纳,2026-06-05,2026-06-15,10,,,,16,16,lowestPrice API 未返回完整往返日期价格
去程无价格；返程无价格,西双版纳,乌鲁木齐,西双版纳,2026-06-06,2026-06-16,10,,,,16,16,lowestPrice API 未返回完整往返日期价格
去程无价格；返程无价格,西双版纳,乌鲁木齐,西双版纳,2026-06-07,2026-06-17,10,,,,16,16,lowestPrice API 未返回完整往返日期价格
去程无价格；返程无价格,西双版纳,乌鲁木齐,西双版纳,2026-06-08,2026-06-18,10,,,,16,16,lowestPrice API 未返回完整往返日期价格
去程无价格；返程无价格,西双版纳,乌鲁木齐,西双版纳,2026-06-09,2026-06-19,10,,,,16,16,lowestPrice API 未返回完整往返日期价格
去程无价格；返程无价格,西双版纳,乌鲁木齐,西双版纳,2026-06-10,2026-06-20,10,,,,16,16,lowestPrice API 未返回完整往返日期价格
去程无价格；返程无价格,西双版纳,乌鲁木齐,西双版纳,2026-06-11,2026-06-21,10,,,,16,16,lowestPrice API 未返回完整往返日期价格
去程无价格；返程无价格,西双版纳,乌鲁木齐,西双版纳,2026-06-12,2026-06-22,10,,,,16,16,lowestPrice API 未返回完整往返日期价格
去程无价格；返程无价格,西双版纳,乌鲁木齐,西双版纳,2026-06-13,2026-06-23,10,,,,16,16,lowestPrice API 未返回完整往返日期价格
去程无价格；返程无价格,西双版纳,乌鲁木齐,西双版纳,2026-06-14,2026-06-24,10,,,,16,16,lowestPrice API 未返回完整往返日期价格
去程无价格；返程无价格,西双版纳,乌鲁木齐,西双版纳,2026-06-15,2026-06-25,10,,,,16,16,lowestPrice API 未返回完整往返日期价格
去程无价格；返程无价格,西双版纳,乌鲁木齐,西双版纳,2026-06-16,2026-06-26,10,,,,16,16,lowestPrice API 未返回完整往返日期价格
去程无价格；返程无价格,西双版纳,乌鲁木齐,西双版纳,2026-06-17,2026-06-27,10,,,,16,16,lowestPrice API 未返回完整往返日期价格
去程无价格；返程无价格,西双版纳,乌鲁木齐,西双版纳,2026-06-18,2026-06-28,10,,,,16,16,lowestPrice API 未返回完整往返日期价格
去程无价格；返程无价格,西双版纳,乌鲁木齐,西双版纳,2026-06-19,2026-06-29,10,,,,16,16,lowestPrice API 未返回完整往返日期价格
去程无价格；返程无价格,西双版纳,乌鲁木齐,西双版纳,2026-06-20,2026-06-30,10,,,,16,16,lowestPrice API 未返回完整往返日期价格
去程无价格；返程无价格,西双版纳,乌鲁木齐,西双版纳,2026-06-21,2026-07-01,10,,,,16,16,lowestPrice API 未返回完整往返日期价格
去程无价格；返程无价格,西双版纳,乌鲁木齐,西双版纳,2026-06-22,2026-07-02,10,,,,16,16,lowestPrice API 未返回完整往返日期价格
去程无价格,西双版纳,乌鲁木齐,西双版纳,2026-06-23,2026-07-03,10,,,1759,16,16,lowestPrice API 未返回完整往返日期价格
去程无价格；返程无价格,西双版纳,乌鲁木齐,西双版纳,2026-06-24,2026-07-04,10,,,,16,16,lowestPrice API 未返回完整往返日期价格
去程无价格；返程无价格,西双版纳,乌鲁木齐,西双版纳,2026-06-25,2026-07-05,10,,,,16,16,lowestPrice API 未返回完整往返日期价格
去程无价格；返程无价格,西双版纳,乌鲁木齐,西双版纳,2026-06-26,2026-07-06,10,,,,16,16,lowestPrice API 未返回完整往返日期价格
去程无价格；返程无价格,西双版纳,乌鲁木齐,西双版纳,2026-06-27,2026-07-07,10,,,,16,16,lowestPrice API 未返回完整往返日期价格
去程无价格；返程无价格,西双版纳,乌鲁木齐,西双版纳,2026-06-28,2026-07-08,10,,,,16,16,lowestPrice API 未返回完整往返日期价格
去程无价格；返程无价格,西双版纳,乌鲁木齐,西双版纳,2026-06-29,2026-07-09,10,,,,16,16,lowestPrice API 未返回完整往返日期价格
去程无价格；返程无价格,西双版纳,乌鲁木齐,西双版纳,2026-06-30,2026-07-10,10,,,,16,16,lowestPrice API 未返回完整往返日期价格
返程无价格,桂林,乌鲁木齐,桂林,2026-06-02,2026-06-12,10,,1480,,40,31,lowestPrice API 未返回完整往返日期价格
去程无价格,桂林,乌鲁木齐,桂林,2026-06-03,2026-06-13,10,,,1350,40,31,lowestPrice API 未返回完整往返日期价格
去程无价格；返程无价格,桂林,乌鲁木齐,桂林,2026-06-04,2026-06-14,10,,,,40,31,lowestPrice API 未返回完整往返日期价格
去程无价格；返程无价格,桂林,乌鲁木齐,桂林,2026-06-05,2026-06-15,10,,,,40,31,lowestPrice API 未返回完整往返日期价格
去程无价格,桂林,乌鲁木齐,桂林,2026-06-06,2026-06-16,10,,,1010,40,31,lowestPrice API 未返回完整往返日期价格
返程无价格,桂林,乌鲁木齐,桂林,2026-06-07,2026-06-17,10,,1370,,40,31,lowestPrice API 未返回完整往返日期价格
去程无价格,桂林,乌鲁木齐,桂林,2026-06-08,2026-06-18,10,,,1430,40,31,lowestPrice API 未返回完整往返日期价格
去程无价格；返程无价格,桂林,乌鲁木齐,桂林,2026-06-09,2026-06-19,10,,,,40,31,lowestPrice API 未返回完整往返日期价格
去程无价格,桂林,乌鲁木齐,桂林,2026-06-10,2026-06-20,10,,,1300,40,31,lowestPrice API 未返回完整往返日期价格
返程无价格,桂林,乌鲁木齐,桂林,2026-06-11,2026-06-21,10,,1470,,40,31,lowestPrice API 未返回完整往返日期价格
去程无价格；返程无价格,桂林,乌鲁木齐,桂林,2026-06-12,2026-06-22,10,,,,40,31,lowestPrice API 未返回完整往返日期价格
去程无价格,桂林,乌鲁木齐,桂林,2026-06-13,2026-06-23,10,,,1370,40,31,lowestPrice API 未返回完整往返日期价格
去程无价格；返程无价格,桂林,乌鲁木齐,桂林,2026-06-14,2026-06-24,10,,,,40,31,lowestPrice API 未返回完整往返日期价格
去程无价格；返程无价格,桂林,乌鲁木齐,桂林,2026-06-15,2026-06-25,10,,,,40,31,lowestPrice API 未返回完整往返日期价格
返程无价格,桂林,乌鲁木齐,桂林,2026-06-16,2026-06-26,10,,1600,,40,31,lowestPrice API 未返回完整往返日期价格
去程无价格；返程无价格,桂林,乌鲁木齐,桂林,2026-06-17,2026-06-27,10,,,,40,31,lowestPrice API 未返回完整往返日期价格
返程无价格,桂林,乌鲁木齐,桂林,2026-06-18,2026-06-28,10,,1510,,40,31,lowestPrice API 未返回完整往返日期价格
返程无价格,桂林,乌鲁木齐,桂林,2026-06-19,2026-06-29,10,,1470,,40,31,lowestPrice API 未返回完整往返日期价格
返程无价格,桂林,乌鲁木齐,桂林,2026-06-20,2026-06-30,10,,1470,,40,31,lowestPrice API 未返回完整往返日期价格
去程无价格；返程无价格,桂林,乌鲁木齐,桂林,2026-06-21,2026-07-01,10,,,,40,31,lowestPrice API 未返回完整往返日期价格
去程无价格,桂林,乌鲁木齐,桂林,2026-06-22,2026-07-02,10,,,1520,40,31,lowestPrice API 未返回完整往返日期价格
去程无价格；返程无价格,桂林,乌鲁木齐,桂林,2026-06-25,2026-07-05,10,,,,40,31,lowestPrice API 未返回完整往返日期价格
去程无价格；返程无价格,桂林,乌鲁木齐,桂林,2026-06-26,2026-07-06,10,,,,40,31,lowestPrice API 未返回完整往返日期价格
去程无价格；返程无价格,桂林,乌鲁木齐,桂林,2026-06-27,2026-07-07,10,,,,40,31,lowestPrice API 未返回完整往返日期价格
去程无价格；返程无价格,桂林,乌鲁木齐,桂林,2026-06-28,2026-07-08,10,,,,40,31,lowestPrice API 未返回完整往返日期价格
返程无价格,桂林,乌鲁木齐,桂林,2026-06-29,2026-07-09,10,,1210,,40,31,lowestPrice API 未返回完整往返日期价格
去程无价格；返程无价格,桂林,乌鲁木齐,桂林,2026-06-30,2026-07-10,10,,,,40,31,lowestPrice API 未返回完整往返日期价格
去程无价格；返程无价格,柳州,乌鲁木齐,柳州,2026-06-01,2026-06-11,10,,,,17,15,lowestPrice API 未返回完整往返日期价格
去程无价格；返程无价格,柳州,乌鲁木齐,柳州,2026-06-02,2026-06-12,10,,,,17,15,lowestPrice API 未返回完整往返日期价格
去程无价格；返程无价格,柳州,乌鲁木齐,柳州,2026-06-03,2026-06-13,10,,,,17,15,lowestPrice API 未返回完整往返日期价格
去程无价格；返程无价格,柳州,乌鲁木齐,柳州,2026-06-04,2026-06-14,10,,,,17,15,lowestPrice API 未返回完整往返日期价格
去程无价格；返程无价格,柳州,乌鲁木齐,柳州,2026-06-05,2026-06-15,10,,,,17,15,lowestPrice API 未返回完整往返日期价格
去程无价格；返程无价格,柳州,乌鲁木齐,柳州,2026-06-06,2026-06-16,10,,,,17,15,lowestPrice API 未返回完整往返日期价格
去程无价格；返程无价格,柳州,乌鲁木齐,柳州,2026-06-07,2026-06-17,10,,,,17,15,lowestPrice API 未返回完整往返日期价格
去程无价格；返程无价格,柳州,乌鲁木齐,柳州,2026-06-08,2026-06-18,10,,,,17,15,lowestPrice API 未返回完整往返日期价格
去程无价格；返程无价格,柳州,乌鲁木齐,柳州,2026-06-09,2026-06-19,10,,,,17,15,lowestPrice API 未返回完整往返日期价格
去程无价格；返程无价格,柳州,乌鲁木齐,柳州,2026-06-10,2026-06-20,10,,,,17,15,lowestPrice API 未返回完整往返日期价格
去程无价格；返程无价格,柳州,乌鲁木齐,柳州,2026-06-11,2026-06-21,10,,,,17,15,lowestPrice API 未返回完整往返日期价格
返程无价格,柳州,乌鲁木齐,柳州,2026-06-12,2026-06-22,10,,1900,,17,15,lowestPrice API 未返回完整往返日期价格
去程无价格；返程无价格,柳州,乌鲁木齐,柳州,2026-06-13,2026-06-23,10,,,,17,15,lowestPrice API 未返回完整往返日期价格
去程无价格；返程无价格,柳州,乌鲁木齐,柳州,2026-06-14,2026-06-24,10,,,,17,15,lowestPrice API 未返回完整往返日期价格
去程无价格；返程无价格,柳州,乌鲁木齐,柳州,2026-06-15,2026-06-25,10,,,,17,15,lowestPrice API 未返回完整往返日期价格
去程无价格；返程无价格,柳州,乌鲁木齐,柳州,2026-06-16,2026-06-26,10,,,,17,15,lowestPrice API 未返回完整往返日期价格
去程无价格；返程无价格,柳州,乌鲁木齐,柳州,2026-06-17,2026-06-27,10,,,,17,15,lowestPrice API 未返回完整往返日期价格
去程无价格；返程无价格,柳州,乌鲁木齐,柳州,2026-06-18,2026-06-28,10,,,,17,15,lowestPrice API 未返回完整往返日期价格
去程无价格；返程无价格,柳州,乌鲁木齐,柳州,2026-06-19,2026-06-29,10,,,,17,15,lowestPrice API 未返回完整往返日期价格
去程无价格；返程无价格,柳州,乌鲁木齐,柳州,2026-06-20,2026-06-30,10,,,,17,15,lowestPrice API 未返回完整往返日期价格
去程无价格；返程无价格,柳州,乌鲁木齐,柳州,2026-06-21,2026-07-01,10,,,,17,15,lowestPrice API 未返回完整往返日期价格
去程无价格；返程无价格,柳州,乌鲁木齐,柳州,2026-06-22,2026-07-02,10,,,,17,15,lowestPrice API 未返回完整往返日期价格
去程无价格；返程无价格,柳州,乌鲁木齐,柳州,2026-06-23,2026-07-03,10,,,,17,15,lowestPrice API 未返回完整往返日期价格
去程无价格；返程无价格,柳州,乌鲁木齐,柳州,2026-06-24,2026-07-04,10,,,,17,15,lowestPrice API 未返回完整往返日期价格
去程无价格；返程无价格,柳州,乌鲁木齐,柳州,2026-06-25,2026-07-05,10,,,,17,15,lowestPrice API 未返回完整往返日期价格
去程无价格；返程无价格,柳州,乌鲁木齐,柳州,2026-06-26,2026-07-06,10,,,,17,15,lowestPrice API 未返回完整往返日期价格
去程无价格；返程无价格,柳州,乌鲁木齐,柳州,2026-06-27,2026-07-07,10,,,,17,15,lowestPrice API 未返回完整往返日期价格
去程无价格；返程无价格,柳州,乌鲁木齐,柳州,2026-06-28,2026-07-08,10,,,,17,15,lowestPrice API 未返回完整往返日期价格
去程无价格；返程无价格,柳州,乌鲁木齐,柳州,2026-06-29,2026-07-09,10,,,,17,15,lowestPrice API 未返回完整往返日期价格
去程无价格；返程无价格,柳州,乌鲁木齐,柳州,2026-06-30,2026-07-10,10,,,,17,15,lowestPrice API 未返回完整往返日期价格
返程无价格,北海,乌鲁木齐,北海,2026-06-01,2026-06-11,10,,1640,,24,24,lowestPrice API 未返回完整往返日期价格
去程无价格,北海,乌鲁木齐,北海,2026-06-02,2026-06-12,10,,,1150,24,24,lowestPrice API 未返回完整往返日期价格
返程无价格,北海,乌鲁木齐,北海,2026-06-03,2026-06-13,10,,1640,,24,24,lowestPrice API 未返回完整往返日期价格
去程无价格,北海,乌鲁木齐,北海,2026-06-04,2026-06-14,10,,,1350,24,24,lowestPrice API 未返回完整往返日期价格
去程无价格；返程无价格,北海,乌鲁木齐,北海,2026-06-06,2026-06-16,10,,,,24,24,lowestPrice API 未返回完整往返日期价格
返程无价格,北海,乌鲁木齐,北海,2026-06-07,2026-06-17,10,,1570,,24,24,lowestPrice API 未返回完整往返日期价格
返程无价格,北海,乌鲁木齐,北海,2026-06-08,2026-06-18,10,,1580,,24,24,lowestPrice API 未返回完整往返日期价格
去程无价格；返程无价格,北海,乌鲁木齐,北海,2026-06-09,2026-06-19,10,,,,24,24,lowestPrice API 未返回完整往返日期价格
返程无价格,北海,乌鲁木齐,北海,2026-06-10,2026-06-20,10,,1580,,24,24,lowestPrice API 未返回完整往返日期价格
去程无价格；返程无价格,北海,乌鲁木齐,北海,2026-06-11,2026-06-21,10,,,,24,24,lowestPrice API 未返回完整往返日期价格
返程无价格,北海,乌鲁木齐,北海,2026-06-12,2026-06-22,10,,1730,,24,24,lowestPrice API 未返回完整往返日期价格
去程无价格；返程无价格,北海,乌鲁木齐,北海,2026-06-13,2026-06-23,10,,,,24,24,lowestPrice API 未返回完整往返日期价格
返程无价格,北海,乌鲁木齐,北海,2026-06-14,2026-06-24,10,,1730,,24,24,lowestPrice API 未返回完整往返日期价格
返程无价格,北海,乌鲁木齐,北海,2026-06-15,2026-06-25,10,,1690,,24,24,lowestPrice API 未返回完整往返日期价格
去程无价格；返程无价格,北海,乌鲁木齐,北海,2026-06-16,2026-06-26,10,,,,24,24,lowestPrice API 未返回完整往返日期价格
去程无价格；返程无价格,北海,乌鲁木齐,北海,2026-06-17,2026-06-27,10,,,,24,24,lowestPrice API 未返回完整往返日期价格
去程无价格；返程无价格,北海,乌鲁木齐,北海,2026-06-18,2026-06-28,10,,,,24,24,lowestPrice API 未返回完整往返日期价格
去程无价格；返程无价格,北海,乌鲁木齐,北海,2026-06-19,2026-06-29,10,,,,24,24,lowestPrice API 未返回完整往返日期价格
去程无价格；返程无价格,北海,乌鲁木齐,北海,2026-06-20,2026-06-30,10,,,,24,24,lowestPrice API 未返回完整往返日期价格
去程无价格；返程无价格,北海,乌鲁木齐,北海,2026-06-21,2026-07-01,10,,,,24,24,lowestPrice API 未返回完整往返日期价格
去程无价格；返程无价格,北海,乌鲁木齐,北海,2026-06-22,2026-07-02,10,,,,24,24,lowestPrice API 未返回完整往返日期价格
去程无价格；返程无价格,北海,乌鲁木齐,北海,2026-06-23,2026-07-03,10,,,,24,24,lowestPrice API 未返回完整往返日期价格
去程无价格；返程无价格,北海,乌鲁木齐,北海,2026-06-24,2026-07-04,10,,,,24,24,lowestPrice API 未返回完整往返日期价格
去程无价格；返程无价格,北海,乌鲁木齐,北海,2026-06-25,2026-07-05,10,,,,24,24,lowestPrice API 未返回完整往返日期价格
去程无价格；返程无价格,北海,乌鲁木齐,北海,2026-06-26,2026-07-06,10,,,,24,24,lowestPrice API 未返回完整往返日期价格
去程无价格；返程无价格,北海,乌鲁木齐,北海,2026-06-27,2026-07-07,10,,,,24,24,lowestPrice API 未返回完整往返日期价格
去程无价格；返程无价格,北海,乌鲁木齐,北海,2026-06-28,2026-07-08,10,,,,24,24,lowestPrice API 未返回完整往返日期价格
去程无价格；返程无价格,北海,乌鲁木齐,北海,2026-06-29,2026-07-09,10,,,,24,24,lowestPrice API 未返回完整往返日期价格
去程无价格；返程无价格,北海,乌鲁木齐,北海,2026-06-30,2026-07-10,10,,,,24,24,lowestPrice API 未返回完整往返日期价格
去程无价格,张家界,乌鲁木齐,张家界,2026-06-01,2026-06-11,10,,,1070,24,30,lowestPrice API 未返回完整往返日期价格
去程无价格；返程无价格,张家界,乌鲁木齐,张家界,2026-06-02,2026-06-12,10,,,,24,30,lowestPrice API 未返回完整往返日期价格
去程无价格,张家界,乌鲁木齐,张家界,2026-06-04,2026-06-14,10,,,1368,24,30,lowestPrice API 未返回完整往返日期价格
返程无价格,张家界,乌鲁木齐,张家界,2026-06-05,2026-06-15,10,,1590,,24,30,lowestPrice API 未返回完整往返日期价格
返程无价格,张家界,乌鲁木齐,张家界,2026-06-06,2026-06-16,10,,1530,,24,30,lowestPrice API 未返回完整往返日期价格
返程无价格,张家界,乌鲁木齐,张家界,2026-06-07,2026-06-17,10,,1470,,24,30,lowestPrice API 未返回完整往返日期价格
去程无价格,张家界,乌鲁木齐,张家界,2026-06-09,2026-06-19,10,,,1300,24,30,lowestPrice API 未返回完整往返日期价格
去程无价格,张家界,乌鲁木齐,张家界,2026-06-10,2026-06-20,10,,,1370,24,30,lowestPrice API 未返回完整往返日期价格
去程无价格；返程无价格,张家界,乌鲁木齐,张家界,2026-06-11,2026-06-21,10,,,,24,30,lowestPrice API 未返回完整往返日期价格
去程无价格,张家界,乌鲁木齐,张家界,2026-06-12,2026-06-22,10,,,1370,24,30,lowestPrice API 未返回完整往返日期价格
去程无价格,张家界,乌鲁木齐,张家界,2026-06-13,2026-06-23,10,,,1280,24,30,lowestPrice API 未返回完整往返日期价格
去程无价格,张家界,乌鲁木齐,张家界,2026-06-14,2026-06-24,10,,,1220,24,30,lowestPrice API 未返回完整往返日期价格
去程无价格；返程无价格,张家界,乌鲁木齐,张家界,2026-06-15,2026-06-25,10,,,,24,30,lowestPrice API 未返回完整往返日期价格
去程无价格,张家界,乌鲁木齐,张家界,2026-06-16,2026-06-26,10,,,1530,24,30,lowestPrice API 未返回完整往返日期价格
去程无价格,张家界,乌鲁木齐,张家界,2026-06-17,2026-06-27,10,,,1470,24,30,lowestPrice API 未返回完整往返日期价格
去程无价格；返程无价格,张家界,乌鲁木齐,张家界,2026-06-19,2026-06-29,10,,,,24,30,lowestPrice API 未返回完整往返日期价格
返程无价格,张家界,乌鲁木齐,张家界,2026-06-20,2026-06-30,10,,1530,,24,30,lowestPrice API 未返回完整往返日期价格
去程无价格,张家界,乌鲁木齐,张家界,2026-06-21,2026-07-01,10,,,1390,24,30,lowestPrice API 未返回完整往返日期价格
去程无价格；返程无价格,张家界,乌鲁木齐,张家界,2026-06-22,2026-07-02,10,,,,24,30,lowestPrice API 未返回完整往返日期价格
返程无价格,张家界,乌鲁木齐,张家界,2026-06-23,2026-07-03,10,,1250,,24,30,lowestPrice API 未返回完整往返日期价格
去程无价格,张家界,乌鲁木齐,张家界,2026-06-25,2026-07-05,10,,,2050,24,30,lowestPrice API 未返回完整往返日期价格
去程无价格；返程无价格,张家界,乌鲁木齐,张家界,2026-06-26,2026-07-06,10,,,,24,30,lowestPrice API 未返回完整往返日期价格
去程无价格；返程无价格,张家界,乌鲁木齐,张家界,2026-06-27,2026-07-07,10,,,,24,30,lowestPrice API 未返回完整往返日期价格
去程无价格,张家界,乌鲁木齐,张家界,2026-06-28,2026-07-08,10,,,1620,24,30,lowestPrice API 未返回完整往返日期价格
去程无价格,张家界,乌鲁木齐,张家界,2026-06-29,2026-07-09,10,,,1620,24,30,lowestPrice API 未返回完整往返日期价格
返程无价格,张家界,乌鲁木齐,张家界,2026-06-30,2026-07-10,10,,1480,,24,30,lowestPrice API 未返回完整往返日期价格
返程无价格,宜昌,乌鲁木齐,宜昌,2026-06-01,2026-06-11,10,,1650,,30,29,lowestPrice API 未返回完整往返日期价格
去程无价格,宜昌,乌鲁木齐,宜昌,2026-06-05,2026-06-15,10,,,2500,30,29,lowestPrice API 未返回完整往返日期价格
去程无价格,宜昌,乌鲁木齐,宜昌,2026-06-06,2026-06-16,10,,,1080,30,29,lowestPrice API 未返回完整往返日期价格
返程无价格,宜昌,乌鲁木齐,宜昌,2026-06-07,2026-06-17,10,,1390,,30,29,lowestPrice API 未返回完整往返日期价格
返程无价格,宜昌,乌鲁木齐,宜昌,2026-06-08,2026-06-18,10,,1390,,30,29,lowestPrice API 未返回完整往返日期价格
去程无价格；返程无价格,宜昌,乌鲁木齐,宜昌,2026-06-09,2026-06-19,10,,,,30,29,lowestPrice API 未返回完整往返日期价格
返程无价格,宜昌,乌鲁木齐,宜昌,2026-06-10,2026-06-20,10,,1500,,30,29,lowestPrice API 未返回完整往返日期价格
去程无价格；返程无价格,宜昌,乌鲁木齐,宜昌,2026-06-11,2026-06-21,10,,,,30,29,lowestPrice API 未返回完整往返日期价格
返程无价格,宜昌,乌鲁木齐,宜昌,2026-06-13,2026-06-23,10,,1560,,30,29,lowestPrice API 未返回完整往返日期价格
去程无价格；返程无价格,宜昌,乌鲁木齐,宜昌,2026-06-14,2026-06-24,10,,,,30,29,lowestPrice API 未返回完整往返日期价格
返程无价格,宜昌,乌鲁木齐,宜昌,2026-06-15,2026-06-25,10,,1390,,30,29,lowestPrice API 未返回完整往返日期价格
去程无价格；返程无价格,宜昌,乌鲁木齐,宜昌,2026-06-16,2026-06-26,10,,,,30,29,lowestPrice API 未返回完整往返日期价格
去程无价格；返程无价格,宜昌,乌鲁木齐,宜昌,2026-06-17,2026-06-27,10,,,,30,29,lowestPrice API 未返回完整往返日期价格
去程无价格；返程无价格,宜昌,乌鲁木齐,宜昌,2026-06-18,2026-06-28,10,,,,30,29,lowestPrice API 未返回完整往返日期价格
去程无价格；返程无价格,宜昌,乌鲁木齐,宜昌,2026-06-19,2026-06-29,10,,,,30,29,lowestPrice API 未返回完整往返日期价格
去程无价格,宜昌,乌鲁木齐,宜昌,2026-06-20,2026-06-30,10,,,1390,30,29,lowestPrice API 未返回完整往返日期价格
去程无价格；返程无价格,宜昌,乌鲁木齐,宜昌,2026-06-21,2026-07-01,10,,,,30,29,lowestPrice API 未返回完整往返日期价格
去程无价格；返程无价格,宜昌,乌鲁木齐,宜昌,2026-06-22,2026-07-02,10,,,,30,29,lowestPrice API 未返回完整往返日期价格
去程无价格；返程无价格,宜昌,乌鲁木齐,宜昌,2026-06-23,2026-07-03,10,,,,30,29,lowestPrice API 未返回完整往返日期价格
返程无价格,宜昌,乌鲁木齐,宜昌,2026-06-24,2026-07-04,10,,1310,,30,29,lowestPrice API 未返回完整往返日期价格
去程无价格；返程无价格,宜昌,乌鲁木齐,宜昌,2026-06-25,2026-07-05,10,,,,30,29,lowestPrice API 未返回完整往返日期价格
返程无价格,宜昌,乌鲁木齐,宜昌,2026-06-26,2026-07-06,10,,1220,,30,29,lowestPrice API 未返回完整往返日期价格
返程无价格,宜昌,乌鲁木齐,宜昌,2026-06-27,2026-07-07,10,,1390,,30,29,lowestPrice API 未返回完整往返日期价格
去程无价格；返程无价格,宜昌,乌鲁木齐,宜昌,2026-06-28,2026-07-08,10,,,,30,29,lowestPrice API 未返回完整往返日期价格
去程无价格；返程无价格,宜昌,乌鲁木齐,宜昌,2026-06-29,2026-07-09,10,,,,30,29,lowestPrice API 未返回完整往返日期价格
去程无价格；返程无价格,宜昌,乌鲁木齐,宜昌,2026-06-30,2026-07-10,10,,,,30,29,lowestPrice API 未返回完整往返日期价格
返程无价格,襄阳,乌鲁木齐,襄阳,2026-06-01,2026-06-11,10,,1680,,36,31,lowestPrice API 未返回完整往返日期价格
返程无价格,襄阳,乌鲁木齐,襄阳,2026-06-06,2026-06-16,10,,2470,,36,31,lowestPrice API 未返回完整往返日期价格
去程无价格；返程无价格,襄阳,乌鲁木齐,襄阳,2026-06-08,2026-06-18,10,,,,36,31,lowestPrice API 未返回完整往返日期价格
去程无价格；返程无价格,襄阳,乌鲁木齐,襄阳,2026-06-11,2026-06-21,10,,,,36,31,lowestPrice API 未返回完整往返日期价格
去程无价格；返程无价格,襄阳,乌鲁木齐,襄阳,2026-06-12,2026-06-22,10,,,,36,31,lowestPrice API 未返回完整往返日期价格
去程无价格；返程无价格,襄阳,乌鲁木齐,襄阳,2026-06-13,2026-06-23,10,,,,36,31,lowestPrice API 未返回完整往返日期价格
返程无价格,襄阳,乌鲁木齐,襄阳,2026-06-14,2026-06-24,10,,1550,,36,31,lowestPrice API 未返回完整往返日期价格
返程无价格,襄阳,乌鲁木齐,襄阳,2026-06-15,2026-06-25,10,,1550,,36,31,lowestPrice API 未返回完整往返日期价格
返程无价格,襄阳,乌鲁木齐,襄阳,2026-06-16,2026-06-26,10,,2300,,36,31,lowestPrice API 未返回完整往返日期价格
返程无价格,襄阳,乌鲁木齐,襄阳,2026-06-17,2026-06-27,10,,1390,,36,31,lowestPrice API 未返回完整往返日期价格
去程无价格；返程无价格,襄阳,乌鲁木齐,襄阳,2026-06-18,2026-06-28,10,,,,36,31,lowestPrice API 未返回完整往返日期价格
返程无价格,襄阳,乌鲁木齐,襄阳,2026-06-19,2026-06-29,10,,1493,,36,31,lowestPrice API 未返回完整往返日期价格
返程无价格,襄阳,乌鲁木齐,襄阳,2026-06-20,2026-06-30,10,,1860,,36,31,lowestPrice API 未返回完整往返日期价格
返程无价格,襄阳,乌鲁木齐,襄阳,2026-06-21,2026-07-01,10,,1550,,36,31,lowestPrice API 未返回完整往返日期价格
返程无价格,襄阳,乌鲁木齐,襄阳,2026-06-22,2026-07-02,10,,1549,,36,31,lowestPrice API 未返回完整往返日期价格
去程无价格；返程无价格,襄阳,乌鲁木齐,襄阳,2026-06-23,2026-07-03,10,,,,36,31,lowestPrice API 未返回完整往返日期价格
返程无价格,襄阳,乌鲁木齐,襄阳,2026-06-24,2026-07-04,10,,1550,,36,31,lowestPrice API 未返回完整往返日期价格
去程无价格；返程无价格,襄阳,乌鲁木齐,襄阳,2026-06-25,2026-07-05,10,,,,36,31,lowestPrice API 未返回完整往返日期价格
返程无价格,襄阳,乌鲁木齐,襄阳,2026-06-26,2026-07-06,10,,1550,,36,31,lowestPrice API 未返回完整往返日期价格
去程无价格；返程无价格,襄阳,乌鲁木齐,襄阳,2026-06-27,2026-07-07,10,,,,36,31,lowestPrice API 未返回完整往返日期价格
返程无价格,襄阳,乌鲁木齐,襄阳,2026-06-28,2026-07-08,10,,1810,,36,31,lowestPrice API 未返回完整往返日期价格
返程无价格,襄阳,乌鲁木齐,襄阳,2026-06-29,2026-07-09,10,,1550,,36,31,lowestPrice API 未返回完整往返日期价格
去程无价格；返程无价格,襄阳,乌鲁木齐,襄阳,2026-06-30,2026-07-10,10,,,,36,31,lowestPrice API 未返回完整往返日期价格
返程无价格,洛阳,乌鲁木齐,洛阳,2026-06-01,2026-06-11,10,,1280,,17,11,lowestPrice API 未返回完整往返日期价格
去程无价格；返程无价格,洛阳,乌鲁木齐,洛阳,2026-06-02,2026-06-12,10,,,,17,11,lowestPrice API 未返回完整往返日期价格
去程无价格；返程无价格,洛阳,乌鲁木齐,洛阳,2026-06-03,2026-06-13,10,,,,17,11,lowestPrice API 未返回完整往返日期价格
去程无价格；返程无价格,洛阳,乌鲁木齐,洛阳,2026-06-04,2026-06-14,10,,,,17,11,lowestPrice API 未返回完整往返日期价格
返程无价格,洛阳,乌鲁木齐,洛阳,2026-06-05,2026-06-15,10,,1170,,17,11,lowestPrice API 未返回完整往返日期价格
返程无价格,洛阳,乌鲁木齐,洛阳,2026-06-06,2026-06-16,10,,1170,,17,11,lowestPrice API 未返回完整往返日期价格
返程无价格,洛阳,乌鲁木齐,洛阳,2026-06-07,2026-06-17,10,,1150,,17,11,lowestPrice API 未返回完整往返日期价格
去程无价格；返程无价格,洛阳,乌鲁木齐,洛阳,2026-06-08,2026-06-18,10,,,,17,11,lowestPrice API 未返回完整往返日期价格
去程无价格；返程无价格,洛阳,乌鲁木齐,洛阳,2026-06-09,2026-06-19,10,,,,17,11,lowestPrice API 未返回完整往返日期价格
去程无价格；返程无价格,洛阳,乌鲁木齐,洛阳,2026-06-10,2026-06-20,10,,,,17,11,lowestPrice API 未返回完整往返日期价格
返程无价格,洛阳,乌鲁木齐,洛阳,2026-06-13,2026-06-23,10,,1380,,17,11,lowestPrice API 未返回完整往返日期价格
去程无价格；返程无价格,洛阳,乌鲁木齐,洛阳,2026-06-14,2026-06-24,10,,,,17,11,lowestPrice API 未返回完整往返日期价格
去程无价格；返程无价格,洛阳,乌鲁木齐,洛阳,2026-06-15,2026-06-25,10,,,,17,11,lowestPrice API 未返回完整往返日期价格
返程无价格,洛阳,乌鲁木齐,洛阳,2026-06-16,2026-06-26,10,,1380,,17,11,lowestPrice API 未返回完整往返日期价格
去程无价格；返程无价格,洛阳,乌鲁木齐,洛阳,2026-06-17,2026-06-27,10,,,,17,11,lowestPrice API 未返回完整往返日期价格
去程无价格；返程无价格,洛阳,乌鲁木齐,洛阳,2026-06-18,2026-06-28,10,,,,17,11,lowestPrice API 未返回完整往返日期价格
去程无价格；返程无价格,洛阳,乌鲁木齐,洛阳,2026-06-19,2026-06-29,10,,,,17,11,lowestPrice API 未返回完整往返日期价格
去程无价格；返程无价格,洛阳,乌鲁木齐,洛阳,2026-06-20,2026-06-30,10,,,,17,11,lowestPrice API 未返回完整往返日期价格
去程无价格；返程无价格,洛阳,乌鲁木齐,洛阳,2026-06-21,2026-07-01,10,,,,17,11,lowestPrice API 未返回完整往返日期价格
去程无价格；返程无价格,洛阳,乌鲁木齐,洛阳,2026-06-22,2026-07-02,10,,,,17,11,lowestPrice API 未返回完整往返日期价格
去程无价格；返程无价格,洛阳,乌鲁木齐,洛阳,2026-06-23,2026-07-03,10,,,,17,11,lowestPrice API 未返回完整往返日期价格
去程无价格；返程无价格,洛阳,乌鲁木齐,洛阳,2026-06-24,2026-07-04,10,,,,17,11,lowestPrice API 未返回完整往返日期价格
去程无价格；返程无价格,洛阳,乌鲁木齐,洛阳,2026-06-25,2026-07-05,10,,,,17,11,lowestPrice API 未返回完整往返日期价格
去程无价格；返程无价格,洛阳,乌鲁木齐,洛阳,2026-06-26,2026-07-06,10,,,,17,11,lowestPrice API 未返回完整往返日期价格
去程无价格；返程无价格,洛阳,乌鲁木齐,洛阳,2026-06-27,2026-07-07,10,,,,17,11,lowestPrice API 未返回完整往返日期价格
去程无价格；返程无价格,洛阳,乌鲁木齐,洛阳,2026-06-28,2026-07-08,10,,,,17,11,lowestPrice API 未返回完整往返日期价格
去程无价格；返程无价格,洛阳,乌鲁木齐,洛阳,2026-06-29,2026-07-09,10,,,,17,11,lowestPrice API 未返回完整往返日期价格
去程无价格；返程无价格,洛阳,乌鲁木齐,洛阳,2026-06-30,2026-07-10,10,,,,17,11,lowestPrice API 未返回完整往返日期价格
去程无价格,南阳,乌鲁木齐,南阳,2026-06-01,2026-06-11,10,,,1580,29,29,lowestPrice API 未返回完整往返日期价格
返程无价格,南阳,乌鲁木齐,南阳,2026-06-02,2026-06-12,10,,1360,,29,29,lowestPrice API 未返回完整往返日期价格
返程无价格,南阳,乌鲁木齐,南阳,2026-06-07,2026-06-17,10,,1250,,29,29,lowestPrice API 未返回完整往返日期价格
返程无价格,南阳,乌鲁木齐,南阳,2026-06-08,2026-06-18,10,,1250,,29,29,lowestPrice API 未返回完整往返日期价格
返程无价格,南阳,乌鲁木齐,南阳,2026-06-09,2026-06-19,10,,1360,,29,29,lowestPrice API 未返回完整往返日期价格
返程无价格,南阳,乌鲁木齐,南阳,2026-06-10,2026-06-20,10,,1520,,29,29,lowestPrice API 未返回完整往返日期价格
返程无价格,南阳,乌鲁木齐,南阳,2026-06-11,2026-06-21,10,,1380,,29,29,lowestPrice API 未返回完整往返日期价格
返程无价格,南阳,乌鲁木齐,南阳,2026-06-12,2026-06-22,10,,1520,,29,29,lowestPrice API 未返回完整往返日期价格
返程无价格,南阳,乌鲁木齐,南阳,2026-06-13,2026-06-23,10,,1510,,29,29,lowestPrice API 未返回完整往返日期价格
返程无价格,南阳,乌鲁木齐,南阳,2026-06-14,2026-06-24,10,,1380,,29,29,lowestPrice API 未返回完整往返日期价格
返程无价格,南阳,乌鲁木齐,南阳,2026-06-15,2026-06-25,10,,1380,,29,29,lowestPrice API 未返回完整往返日期价格
返程无价格,南阳,乌鲁木齐,南阳,2026-06-16,2026-06-26,10,,1190,,29,29,lowestPrice API 未返回完整往返日期价格
去程无价格；返程无价格,南阳,乌鲁木齐,南阳,2026-06-17,2026-06-27,10,,,,29,29,lowestPrice API 未返回完整往返日期价格
去程无价格；返程无价格,南阳,乌鲁木齐,南阳,2026-06-18,2026-06-28,10,,,,29,29,lowestPrice API 未返回完整往返日期价格
去程无价格；返程无价格,南阳,乌鲁木齐,南阳,2026-06-19,2026-06-29,10,,,,29,29,lowestPrice API 未返回完整往返日期价格
去程无价格；返程无价格,南阳,乌鲁木齐,南阳,2026-06-20,2026-06-30,10,,,,29,29,lowestPrice API 未返回完整往返日期价格
去程无价格；返程无价格,南阳,乌鲁木齐,南阳,2026-06-21,2026-07-01,10,,,,29,29,lowestPrice API 未返回完整往返日期价格
去程无价格；返程无价格,南阳,乌鲁木齐,南阳,2026-06-22,2026-07-02,10,,,,29,29,lowestPrice API 未返回完整往返日期价格
去程无价格；返程无价格,南阳,乌鲁木齐,南阳,2026-06-23,2026-07-03,10,,,,29,29,lowestPrice API 未返回完整往返日期价格
去程无价格；返程无价格,南阳,乌鲁木齐,南阳,2026-06-24,2026-07-04,10,,,,29,29,lowestPrice API 未返回完整往返日期价格
去程无价格；返程无价格,南阳,乌鲁木齐,南阳,2026-06-25,2026-07-05,10,,,,29,29,lowestPrice API 未返回完整往返日期价格
去程无价格；返程无价格,南阳,乌鲁木齐,南阳,2026-06-26,2026-07-06,10,,,,29,29,lowestPrice API 未返回完整往返日期价格
去程无价格；返程无价格,南阳,乌鲁木齐,南阳,2026-06-27,2026-07-07,10,,,,29,29,lowestPrice API 未返回完整往返日期价格
去程无价格；返程无价格,南阳,乌鲁木齐,南阳,2026-06-28,2026-07-08,10,,,,29,29,lowestPrice API 未返回完整往返日期价格
去程无价格；返程无价格,南阳,乌鲁木齐,南阳,2026-06-29,2026-07-09,10,,,,29,29,lowestPrice API 未返回完整往返日期价格
去程无价格；返程无价格,南阳,乌鲁木齐,南阳,2026-06-30,2026-07-10,10,,,,29,29,lowestPrice API 未返回完整往返日期价格
去程无价格；返程无价格,鄂尔多斯,乌鲁木齐,鄂尔多斯,2026-06-01,2026-06-11,10,,,,4,5,lowestPrice API 未返回完整往返日期价格
去程无价格；返程无价格,鄂尔多斯,乌鲁木齐,鄂尔多斯,2026-06-02,2026-06-12,10,,,,4,5,lowestPrice API 未返回完整往返日期价格
去程无价格；返程无价格,鄂尔多斯,乌鲁木齐,鄂尔多斯,2026-06-03,2026-06-13,10,,,,4,5,lowestPrice API 未返回完整往返日期价格
去程无价格；返程无价格,鄂尔多斯,乌鲁木齐,鄂尔多斯,2026-06-04,2026-06-14,10,,,,4,5,lowestPrice API 未返回完整往返日期价格
去程无价格；返程无价格,鄂尔多斯,乌鲁木齐,鄂尔多斯,2026-06-05,2026-06-15,10,,,,4,5,lowestPrice API 未返回完整往返日期价格
去程无价格；返程无价格,鄂尔多斯,乌鲁木齐,鄂尔多斯,2026-06-06,2026-06-16,10,,,,4,5,lowestPrice API 未返回完整往返日期价格
去程无价格；返程无价格,鄂尔多斯,乌鲁木齐,鄂尔多斯,2026-06-07,2026-06-17,10,,,,4,5,lowestPrice API 未返回完整往返日期价格
去程无价格；返程无价格,鄂尔多斯,乌鲁木齐,鄂尔多斯,2026-06-08,2026-06-18,10,,,,4,5,lowestPrice API 未返回完整往返日期价格
去程无价格；返程无价格,鄂尔多斯,乌鲁木齐,鄂尔多斯,2026-06-09,2026-06-19,10,,,,4,5,lowestPrice API 未返回完整往返日期价格
去程无价格；返程无价格,鄂尔多斯,乌鲁木齐,鄂尔多斯,2026-06-10,2026-06-20,10,,,,4,5,lowestPrice API 未返回完整往返日期价格
去程无价格；返程无价格,鄂尔多斯,乌鲁木齐,鄂尔多斯,2026-06-11,2026-06-21,10,,,,4,5,lowestPrice API 未返回完整往返日期价格
去程无价格；返程无价格,鄂尔多斯,乌鲁木齐,鄂尔多斯,2026-06-12,2026-06-22,10,,,,4,5,lowestPrice API 未返回完整往返日期价格
去程无价格；返程无价格,鄂尔多斯,乌鲁木齐,鄂尔多斯,2026-06-13,2026-06-23,10,,,,4,5,lowestPrice API 未返回完整往返日期价格
去程无价格；返程无价格,鄂尔多斯,乌鲁木齐,鄂尔多斯,2026-06-14,2026-06-24,10,,,,4,5,lowestPrice API 未返回完整往返日期价格
去程无价格；返程无价格,鄂尔多斯,乌鲁木齐,鄂尔多斯,2026-06-15,2026-06-25,10,,,,4,5,lowestPrice API 未返回完整往返日期价格
去程无价格,鄂尔多斯,乌鲁木齐,鄂尔多斯,2026-06-16,2026-06-26,10,,,1460,4,5,lowestPrice API 未返回完整往返日期价格
去程无价格；返程无价格,鄂尔多斯,乌鲁木齐,鄂尔多斯,2026-06-17,2026-06-27,10,,,,4,5,lowestPrice API 未返回完整往返日期价格
去程无价格；返程无价格,鄂尔多斯,乌鲁木齐,鄂尔多斯,2026-06-18,2026-06-28,10,,,,4,5,lowestPrice API 未返回完整往返日期价格
去程无价格；返程无价格,鄂尔多斯,乌鲁木齐,鄂尔多斯,2026-06-19,2026-06-29,10,,,,4,5,lowestPrice API 未返回完整往返日期价格
去程无价格；返程无价格,鄂尔多斯,乌鲁木齐,鄂尔多斯,2026-06-20,2026-06-30,10,,,,4,5,lowestPrice API 未返回完整往返日期价格
去程无价格；返程无价格,鄂尔多斯,乌鲁木齐,鄂尔多斯,2026-06-21,2026-07-01,10,,,,4,5,lowestPrice API 未返回完整往返日期价格
去程无价格；返程无价格,鄂尔多斯,乌鲁木齐,鄂尔多斯,2026-06-22,2026-07-02,10,,,,4,5,lowestPrice API 未返回完整往返日期价格
去程无价格；返程无价格,鄂尔多斯,乌鲁木齐,鄂尔多斯,2026-06-23,2026-07-03,10,,,,4,5,lowestPrice API 未返回完整往返日期价格
去程无价格；返程无价格,鄂尔多斯,乌鲁木齐,鄂尔多斯,2026-06-24,2026-07-04,10,,,,4,5,lowestPrice API 未返回完整往返日期价格
去程无价格；返程无价格,鄂尔多斯,乌鲁木齐,鄂尔多斯,2026-06-25,2026-07-05,10,,,,4,5,lowestPrice API 未返回完整往返日期价格
去程无价格；返程无价格,鄂尔多斯,乌鲁木齐,鄂尔多斯,2026-06-26,2026-07-06,10,,,,4,5,lowestPrice API 未返回完整往返日期价格
去程无价格；返程无价格,鄂尔多斯,乌鲁木齐,鄂尔多斯,2026-06-27,2026-07-07,10,,,,4,5,lowestPrice API 未返回完整往返日期价格
去程无价格；返程无价格,鄂尔多斯,乌鲁木齐,鄂尔多斯,2026-06-28,2026-07-08,10,,,,4,5,lowestPrice API 未返回完整往返日期价格
去程无价格；返程无价格,鄂尔多斯,乌鲁木齐,鄂尔多斯,2026-06-29,2026-07-09,10,,,,4,5,lowestPrice API 未返回完整往返日期价格
去程无价格；返程无价格,鄂尔多斯,乌鲁木齐,鄂尔多斯,2026-06-30,2026-07-10,10,,,,4,5,lowestPrice API 未返回完整往返日期价格
去程无价格,包头,乌鲁木齐,包头,2026-06-01,2026-06-11,10,,,1240,24,21,lowestPrice API 未返回完整往返日期价格
去程无价格；返程无价格,包头,乌鲁木齐,包头,2026-06-02,2026-06-12,10,,,,24,21,lowestPrice API 未返回完整往返日期价格
去程无价格；返程无价格,包头,乌鲁木齐,包头,2026-06-03,2026-06-13,10,,,,24,21,lowestPrice API 未返回完整往返日期价格
去程无价格；返程无价格,包头,乌鲁木齐,包头,2026-06-04,2026-06-14,10,,,,24,21,lowestPrice API 未返回完整往返日期价格
去程无价格；返程无价格,包头,乌鲁木齐,包头,2026-06-05,2026-06-15,10,,,,24,21,lowestPrice API 未返回完整往返日期价格
去程无价格；返程无价格,包头,乌鲁木齐,包头,2026-06-06,2026-06-16,10,,,,24,21,lowestPrice API 未返回完整往返日期价格
返程无价格,包头,乌鲁木齐,包头,2026-06-09,2026-06-19,10,,1440,,24,21,lowestPrice API 未返回完整往返日期价格
去程无价格；返程无价格,包头,乌鲁木齐,包头,2026-06-10,2026-06-20,10,,,,24,21,lowestPrice API 未返回完整往返日期价格
去程无价格,包头,乌鲁木齐,包头,2026-06-11,2026-06-21,10,,,1590,24,21,lowestPrice API 未返回完整往返日期价格
去程无价格；返程无价格,包头,乌鲁木齐,包头,2026-06-12,2026-06-22,10,,,,24,21,lowestPrice API 未返回完整往返日期价格
去程无价格；返程无价格,包头,乌鲁木齐,包头,2026-06-13,2026-06-23,10,,,,24,21,lowestPrice API 未返回完整往返日期价格
去程无价格；返程无价格,包头,乌鲁木齐,包头,2026-06-14,2026-06-24,10,,,,24,21,lowestPrice API 未返回完整往返日期价格
去程无价格；返程无价格,包头,乌鲁木齐,包头,2026-06-15,2026-06-25,10,,,,24,21,lowestPrice API 未返回完整往返日期价格
去程无价格；返程无价格,包头,乌鲁木齐,包头,2026-06-16,2026-06-26,10,,,,24,21,lowestPrice API 未返回完整往返日期价格
去程无价格；返程无价格,包头,乌鲁木齐,包头,2026-06-17,2026-06-27,10,,,,24,21,lowestPrice API 未返回完整往返日期价格
返程无价格,包头,乌鲁木齐,包头,2026-06-18,2026-06-28,10,,1580,,24,21,lowestPrice API 未返回完整往返日期价格
去程无价格；返程无价格,包头,乌鲁木齐,包头,2026-06-19,2026-06-29,10,,,,24,21,lowestPrice API 未返回完整往返日期价格
去程无价格；返程无价格,包头,乌鲁木齐,包头,2026-06-21,2026-07-01,10,,,,24,21,lowestPrice API 未返回完整往返日期价格
去程无价格,包头,乌鲁木齐,包头,2026-06-22,2026-07-02,10,,,1930,24,21,lowestPrice API 未返回完整往返日期价格
去程无价格；返程无价格,包头,乌鲁木齐,包头,2026-06-23,2026-07-03,10,,,,24,21,lowestPrice API 未返回完整往返日期价格
去程无价格；返程无价格,包头,乌鲁木齐,包头,2026-06-24,2026-07-04,10,,,,24,21,lowestPrice API 未返回完整往返日期价格
去程无价格；返程无价格,包头,乌鲁木齐,包头,2026-06-25,2026-07-05,10,,,,24,21,lowestPrice API 未返回完整往返日期价格
去程无价格；返程无价格,包头,乌鲁木齐,包头,2026-06-26,2026-07-06,10,,,,24,21,lowestPrice API 未返回完整往返日期价格
去程无价格；返程无价格,包头,乌鲁木齐,包头,2026-06-27,2026-07-07,10,,,,24,21,lowestPrice API 未返回完整往返日期价格
返程无价格,包头,乌鲁木齐,包头,2026-06-28,2026-07-08,10,,1500,,24,21,lowestPrice API 未返回完整往返日期价格
去程无价格；返程无价格,包头,乌鲁木齐,包头,2026-06-29,2026-07-09,10,,,,24,21,lowestPrice API 未返回完整往返日期价格
去程无价格；返程无价格,包头,乌鲁木齐,包头,2026-06-30,2026-07-10,10,,,,24,21,lowestPrice API 未返回完整往返日期价格
去程无价格；返程无价格,赤峰,乌鲁木齐,赤峰,2026-06-01,2026-06-11,10,,,,9,9,lowestPrice API 未返回完整往返日期价格
去程无价格；返程无价格,赤峰,乌鲁木齐,赤峰,2026-06-02,2026-06-12,10,,,,9,9,lowestPrice API 未返回完整往返日期价格
去程无价格；返程无价格,赤峰,乌鲁木齐,赤峰,2026-06-03,2026-06-13,10,,,,9,9,lowestPrice API 未返回完整往返日期价格
去程无价格；返程无价格,赤峰,乌鲁木齐,赤峰,2026-06-04,2026-06-14,10,,,,9,9,lowestPrice API 未返回完整往返日期价格
去程无价格；返程无价格,赤峰,乌鲁木齐,赤峰,2026-06-05,2026-06-15,10,,,,9,9,lowestPrice API 未返回完整往返日期价格
去程无价格；返程无价格,赤峰,乌鲁木齐,赤峰,2026-06-06,2026-06-16,10,,,,9,9,lowestPrice API 未返回完整往返日期价格
去程无价格；返程无价格,赤峰,乌鲁木齐,赤峰,2026-06-07,2026-06-17,10,,,,9,9,lowestPrice API 未返回完整往返日期价格
去程无价格；返程无价格,赤峰,乌鲁木齐,赤峰,2026-06-08,2026-06-18,10,,,,9,9,lowestPrice API 未返回完整往返日期价格
去程无价格；返程无价格,赤峰,乌鲁木齐,赤峰,2026-06-09,2026-06-19,10,,,,9,9,lowestPrice API 未返回完整往返日期价格
去程无价格；返程无价格,赤峰,乌鲁木齐,赤峰,2026-06-10,2026-06-20,10,,,,9,9,lowestPrice API 未返回完整往返日期价格
去程无价格；返程无价格,赤峰,乌鲁木齐,赤峰,2026-06-11,2026-06-21,10,,,,9,9,lowestPrice API 未返回完整往返日期价格
去程无价格；返程无价格,赤峰,乌鲁木齐,赤峰,2026-06-12,2026-06-22,10,,,,9,9,lowestPrice API 未返回完整往返日期价格
去程无价格；返程无价格,赤峰,乌鲁木齐,赤峰,2026-06-13,2026-06-23,10,,,,9,9,lowestPrice API 未返回完整往返日期价格
去程无价格；返程无价格,赤峰,乌鲁木齐,赤峰,2026-06-14,2026-06-24,10,,,,9,9,lowestPrice API 未返回完整往返日期价格
去程无价格；返程无价格,赤峰,乌鲁木齐,赤峰,2026-06-15,2026-06-25,10,,,,9,9,lowestPrice API 未返回完整往返日期价格
去程无价格；返程无价格,赤峰,乌鲁木齐,赤峰,2026-06-16,2026-06-26,10,,,,9,9,lowestPrice API 未返回完整往返日期价格
去程无价格；返程无价格,赤峰,乌鲁木齐,赤峰,2026-06-17,2026-06-27,10,,,,9,9,lowestPrice API 未返回完整往返日期价格
去程无价格；返程无价格,赤峰,乌鲁木齐,赤峰,2026-06-18,2026-06-28,10,,,,9,9,lowestPrice API 未返回完整往返日期价格
去程无价格；返程无价格,赤峰,乌鲁木齐,赤峰,2026-06-19,2026-06-29,10,,,,9,9,lowestPrice API 未返回完整往返日期价格
去程无价格；返程无价格,赤峰,乌鲁木齐,赤峰,2026-06-20,2026-06-30,10,,,,9,9,lowestPrice API 未返回完整往返日期价格
去程无价格；返程无价格,赤峰,乌鲁木齐,赤峰,2026-06-21,2026-07-01,10,,,,9,9,lowestPrice API 未返回完整往返日期价格
去程无价格；返程无价格,赤峰,乌鲁木齐,赤峰,2026-06-22,2026-07-02,10,,,,9,9,lowestPrice API 未返回完整往返日期价格
去程无价格；返程无价格,赤峰,乌鲁木齐,赤峰,2026-06-23,2026-07-03,10,,,,9,9,lowestPrice API 未返回完整往返日期价格
去程无价格；返程无价格,赤峰,乌鲁木齐,赤峰,2026-06-24,2026-07-04,10,,,,9,9,lowestPrice API 未返回完整往返日期价格
去程无价格；返程无价格,赤峰,乌鲁木齐,赤峰,2026-06-25,2026-07-05,10,,,,9,9,lowestPrice API 未返回完整往返日期价格
去程无价格；返程无价格,赤峰,乌鲁木齐,赤峰,2026-06-26,2026-07-06,10,,,,9,9,lowestPrice API 未返回完整往返日期价格
去程无价格；返程无价格,赤峰,乌鲁木齐,赤峰,2026-06-27,2026-07-07,10,,,,9,9,lowestPrice API 未返回完整往返日期价格
去程无价格；返程无价格,赤峰,乌鲁木齐,赤峰,2026-06-28,2026-07-08,10,,,,9,9,lowestPrice API 未返回完整往返日期价格
去程无价格；返程无价格,赤峰,乌鲁木齐,赤峰,2026-06-29,2026-07-09,10,,,,9,9,lowestPrice API 未返回完整往返日期价格
去程无价格；返程无价格,赤峰,乌鲁木齐,赤峰,2026-06-30,2026-07-10,10,,,,9,9,lowestPrice API 未返回完整往返日期价格
去程无价格；返程无价格,通辽,乌鲁木齐,通辽,2026-06-01,2026-06-11,10,,,,9,3,lowestPrice API 未返回完整往返日期价格
去程无价格；返程无价格,通辽,乌鲁木齐,通辽,2026-06-02,2026-06-12,10,,,,9,3,lowestPrice API 未返回完整往返日期价格
去程无价格；返程无价格,通辽,乌鲁木齐,通辽,2026-06-03,2026-06-13,10,,,,9,3,lowestPrice API 未返回完整往返日期价格
去程无价格；返程无价格,通辽,乌鲁木齐,通辽,2026-06-04,2026-06-14,10,,,,9,3,lowestPrice API 未返回完整往返日期价格
去程无价格；返程无价格,通辽,乌鲁木齐,通辽,2026-06-05,2026-06-15,10,,,,9,3,lowestPrice API 未返回完整往返日期价格
去程无价格；返程无价格,通辽,乌鲁木齐,通辽,2026-06-06,2026-06-16,10,,,,9,3,lowestPrice API 未返回完整往返日期价格
去程无价格；返程无价格,通辽,乌鲁木齐,通辽,2026-06-07,2026-06-17,10,,,,9,3,lowestPrice API 未返回完整往返日期价格
去程无价格；返程无价格,通辽,乌鲁木齐,通辽,2026-06-08,2026-06-18,10,,,,9,3,lowestPrice API 未返回完整往返日期价格
去程无价格；返程无价格,通辽,乌鲁木齐,通辽,2026-06-09,2026-06-19,10,,,,9,3,lowestPrice API 未返回完整往返日期价格
去程无价格；返程无价格,通辽,乌鲁木齐,通辽,2026-06-10,2026-06-20,10,,,,9,3,lowestPrice API 未返回完整往返日期价格
去程无价格；返程无价格,通辽,乌鲁木齐,通辽,2026-06-11,2026-06-21,10,,,,9,3,lowestPrice API 未返回完整往返日期价格
去程无价格；返程无价格,通辽,乌鲁木齐,通辽,2026-06-12,2026-06-22,10,,,,9,3,lowestPrice API 未返回完整往返日期价格
去程无价格；返程无价格,通辽,乌鲁木齐,通辽,2026-06-13,2026-06-23,10,,,,9,3,lowestPrice API 未返回完整往返日期价格
去程无价格；返程无价格,通辽,乌鲁木齐,通辽,2026-06-14,2026-06-24,10,,,,9,3,lowestPrice API 未返回完整往返日期价格
去程无价格；返程无价格,通辽,乌鲁木齐,通辽,2026-06-15,2026-06-25,10,,,,9,3,lowestPrice API 未返回完整往返日期价格
去程无价格；返程无价格,通辽,乌鲁木齐,通辽,2026-06-16,2026-06-26,10,,,,9,3,lowestPrice API 未返回完整往返日期价格
去程无价格；返程无价格,通辽,乌鲁木齐,通辽,2026-06-17,2026-06-27,10,,,,9,3,lowestPrice API 未返回完整往返日期价格
去程无价格；返程无价格,通辽,乌鲁木齐,通辽,2026-06-18,2026-06-28,10,,,,9,3,lowestPrice API 未返回完整往返日期价格
去程无价格；返程无价格,通辽,乌鲁木齐,通辽,2026-06-19,2026-06-29,10,,,,9,3,lowestPrice API 未返回完整往返日期价格
去程无价格；返程无价格,通辽,乌鲁木齐,通辽,2026-06-20,2026-06-30,10,,,,9,3,lowestPrice API 未返回完整往返日期价格
去程无价格；返程无价格,通辽,乌鲁木齐,通辽,2026-06-21,2026-07-01,10,,,,9,3,lowestPrice API 未返回完整往返日期价格
去程无价格；返程无价格,通辽,乌鲁木齐,通辽,2026-06-22,2026-07-02,10,,,,9,3,lowestPrice API 未返回完整往返日期价格
去程无价格；返程无价格,通辽,乌鲁木齐,通辽,2026-06-23,2026-07-03,10,,,,9,3,lowestPrice API 未返回完整往返日期价格
去程无价格；返程无价格,通辽,乌鲁木齐,通辽,2026-06-24,2026-07-04,10,,,,9,3,lowestPrice API 未返回完整往返日期价格
去程无价格；返程无价格,通辽,乌鲁木齐,通辽,2026-06-25,2026-07-05,10,,,,9,3,lowestPrice API 未返回完整往返日期价格
去程无价格；返程无价格,通辽,乌鲁木齐,通辽,2026-06-26,2026-07-06,10,,,,9,3,lowestPrice API 未返回完整往返日期价格
去程无价格；返程无价格,通辽,乌鲁木齐,通辽,2026-06-27,2026-07-07,10,,,,9,3,lowestPrice API 未返回完整往返日期价格
去程无价格；返程无价格,通辽,乌鲁木齐,通辽,2026-06-28,2026-07-08,10,,,,9,3,lowestPrice API 未返回完整往返日期价格
去程无价格；返程无价格,通辽,乌鲁木齐,通辽,2026-06-29,2026-07-09,10,,,,9,3,lowestPrice API 未返回完整往返日期价格
去程无价格；返程无价格,通辽,乌鲁木齐,通辽,2026-06-30,2026-07-10,10,,,,9,3,lowestPrice API 未返回完整往返日期价格
去程无价格；返程无价格,锡林浩特,乌鲁木齐,锡林浩特,2026-06-01,2026-06-11,10,,,,5,2,lowestPrice API 未返回完整往返日期价格
去程无价格；返程无价格,锡林浩特,乌鲁木齐,锡林浩特,2026-06-02,2026-06-12,10,,,,5,2,lowestPrice API 未返回完整往返日期价格
去程无价格；返程无价格,锡林浩特,乌鲁木齐,锡林浩特,2026-06-03,2026-06-13,10,,,,5,2,lowestPrice API 未返回完整往返日期价格
去程无价格；返程无价格,锡林浩特,乌鲁木齐,锡林浩特,2026-06-04,2026-06-14,10,,,,5,2,lowestPrice API 未返回完整往返日期价格
去程无价格；返程无价格,锡林浩特,乌鲁木齐,锡林浩特,2026-06-05,2026-06-15,10,,,,5,2,lowestPrice API 未返回完整往返日期价格
去程无价格；返程无价格,锡林浩特,乌鲁木齐,锡林浩特,2026-06-06,2026-06-16,10,,,,5,2,lowestPrice API 未返回完整往返日期价格
去程无价格；返程无价格,锡林浩特,乌鲁木齐,锡林浩特,2026-06-07,2026-06-17,10,,,,5,2,lowestPrice API 未返回完整往返日期价格
去程无价格；返程无价格,锡林浩特,乌鲁木齐,锡林浩特,2026-06-08,2026-06-18,10,,,,5,2,lowestPrice API 未返回完整往返日期价格
去程无价格；返程无价格,锡林浩特,乌鲁木齐,锡林浩特,2026-06-09,2026-06-19,10,,,,5,2,lowestPrice API 未返回完整往返日期价格
去程无价格；返程无价格,锡林浩特,乌鲁木齐,锡林浩特,2026-06-10,2026-06-20,10,,,,5,2,lowestPrice API 未返回完整往返日期价格
去程无价格；返程无价格,锡林浩特,乌鲁木齐,锡林浩特,2026-06-11,2026-06-21,10,,,,5,2,lowestPrice API 未返回完整往返日期价格
去程无价格；返程无价格,锡林浩特,乌鲁木齐,锡林浩特,2026-06-12,2026-06-22,10,,,,5,2,lowestPrice API 未返回完整往返日期价格
去程无价格；返程无价格,锡林浩特,乌鲁木齐,锡林浩特,2026-06-13,2026-06-23,10,,,,5,2,lowestPrice API 未返回完整往返日期价格
去程无价格；返程无价格,锡林浩特,乌鲁木齐,锡林浩特,2026-06-14,2026-06-24,10,,,,5,2,lowestPrice API 未返回完整往返日期价格
去程无价格；返程无价格,锡林浩特,乌鲁木齐,锡林浩特,2026-06-15,2026-06-25,10,,,,5,2,lowestPrice API 未返回完整往返日期价格
去程无价格；返程无价格,锡林浩特,乌鲁木齐,锡林浩特,2026-06-16,2026-06-26,10,,,,5,2,lowestPrice API 未返回完整往返日期价格
去程无价格；返程无价格,锡林浩特,乌鲁木齐,锡林浩特,2026-06-17,2026-06-27,10,,,,5,2,lowestPrice API 未返回完整往返日期价格
去程无价格；返程无价格,锡林浩特,乌鲁木齐,锡林浩特,2026-06-18,2026-06-28,10,,,,5,2,lowestPrice API 未返回完整往返日期价格
去程无价格；返程无价格,锡林浩特,乌鲁木齐,锡林浩特,2026-06-19,2026-06-29,10,,,,5,2,lowestPrice API 未返回完整往返日期价格
去程无价格；返程无价格,锡林浩特,乌鲁木齐,锡林浩特,2026-06-20,2026-06-30,10,,,,5,2,lowestPrice API 未返回完整往返日期价格
去程无价格；返程无价格,锡林浩特,乌鲁木齐,锡林浩特,2026-06-21,2026-07-01,10,,,,5,2,lowestPrice API 未返回完整往返日期价格
去程无价格；返程无价格,锡林浩特,乌鲁木齐,锡林浩特,2026-06-22,2026-07-02,10,,,,5,2,lowestPrice API 未返回完整往返日期价格
去程无价格；返程无价格,锡林浩特,乌鲁木齐,锡林浩特,2026-06-23,2026-07-03,10,,,,5,2,lowestPrice API 未返回完整往返日期价格
去程无价格；返程无价格,锡林浩特,乌鲁木齐,锡林浩特,2026-06-24,2026-07-04,10,,,,5,2,lowestPrice API 未返回完整往返日期价格
去程无价格；返程无价格,锡林浩特,乌鲁木齐,锡林浩特,2026-06-25,2026-07-05,10,,,,5,2,lowestPrice API 未返回完整往返日期价格
去程无价格；返程无价格,锡林浩特,乌鲁木齐,锡林浩特,2026-06-26,2026-07-06,10,,,,5,2,lowestPrice API 未返回完整往返日期价格
去程无价格；返程无价格,锡林浩特,乌鲁木齐,锡林浩特,2026-06-27,2026-07-07,10,,,,5,2,lowestPrice API 未返回完整往返日期价格
去程无价格；返程无价格,锡林浩特,乌鲁木齐,锡林浩特,2026-06-28,2026-07-08,10,,,,5,2,lowestPrice API 未返回完整往返日期价格
去程无价格；返程无价格,锡林浩特,乌鲁木齐,锡林浩特,2026-06-29,2026-07-09,10,,,,5,2,lowestPrice API 未返回完整往返日期价格
去程无价格；返程无价格,锡林浩特,乌鲁木齐,锡林浩特,2026-06-30,2026-07-10,10,,,,5,2,lowestPrice API 未返回完整往返日期价格
返程无价格,乌兰浩特,乌鲁木齐,乌兰浩特,2026-06-01,2026-06-11,10,,1560,,18,1,lowestPrice API 未返回完整往返日期价格
返程无价格,乌兰浩特,乌鲁木齐,乌兰浩特,2026-06-02,2026-06-12,10,,1990,,18,1,lowestPrice API 未返回完整往返日期价格
去程无价格；返程无价格,乌兰浩特,乌鲁木齐,乌兰浩特,2026-06-03,2026-06-13,10,,,,18,1,lowestPrice API 未返回完整往返日期价格
返程无价格,乌兰浩特,乌鲁木齐,乌兰浩特,2026-06-04,2026-06-14,10,,1990,,18,1,lowestPrice API 未返回完整往返日期价格
去程无价格；返程无价格,乌兰浩特,乌鲁木齐,乌兰浩特,2026-06-05,2026-06-15,10,,,,18,1,lowestPrice API 未返回完整往返日期价格
去程无价格；返程无价格,乌兰浩特,乌鲁木齐,乌兰浩特,2026-06-06,2026-06-16,10,,,,18,1,lowestPrice API 未返回完整往返日期价格
去程无价格；返程无价格,乌兰浩特,乌鲁木齐,乌兰浩特,2026-06-07,2026-06-17,10,,,,18,1,lowestPrice API 未返回完整往返日期价格
去程无价格；返程无价格,乌兰浩特,乌鲁木齐,乌兰浩特,2026-06-08,2026-06-18,10,,,,18,1,lowestPrice API 未返回完整往返日期价格
去程无价格；返程无价格,乌兰浩特,乌鲁木齐,乌兰浩特,2026-06-09,2026-06-19,10,,,,18,1,lowestPrice API 未返回完整往返日期价格
去程无价格；返程无价格,乌兰浩特,乌鲁木齐,乌兰浩特,2026-06-10,2026-06-20,10,,,,18,1,lowestPrice API 未返回完整往返日期价格
去程无价格；返程无价格,乌兰浩特,乌鲁木齐,乌兰浩特,2026-06-11,2026-06-21,10,,,,18,1,lowestPrice API 未返回完整往返日期价格
去程无价格；返程无价格,乌兰浩特,乌鲁木齐,乌兰浩特,2026-06-12,2026-06-22,10,,,,18,1,lowestPrice API 未返回完整往返日期价格
去程无价格；返程无价格,乌兰浩特,乌鲁木齐,乌兰浩特,2026-06-13,2026-06-23,10,,,,18,1,lowestPrice API 未返回完整往返日期价格
去程无价格；返程无价格,乌兰浩特,乌鲁木齐,乌兰浩特,2026-06-14,2026-06-24,10,,,,18,1,lowestPrice API 未返回完整往返日期价格
去程无价格；返程无价格,乌兰浩特,乌鲁木齐,乌兰浩特,2026-06-15,2026-06-25,10,,,,18,1,lowestPrice API 未返回完整往返日期价格
去程无价格；返程无价格,乌兰浩特,乌鲁木齐,乌兰浩特,2026-06-16,2026-06-26,10,,,,18,1,lowestPrice API 未返回完整往返日期价格
去程无价格；返程无价格,乌兰浩特,乌鲁木齐,乌兰浩特,2026-06-17,2026-06-27,10,,,,18,1,lowestPrice API 未返回完整往返日期价格
去程无价格；返程无价格,乌兰浩特,乌鲁木齐,乌兰浩特,2026-06-18,2026-06-28,10,,,,18,1,lowestPrice API 未返回完整往返日期价格
去程无价格；返程无价格,乌兰浩特,乌鲁木齐,乌兰浩特,2026-06-19,2026-06-29,10,,,,18,1,lowestPrice API 未返回完整往返日期价格
去程无价格；返程无价格,乌兰浩特,乌鲁木齐,乌兰浩特,2026-06-20,2026-06-30,10,,,,18,1,lowestPrice API 未返回完整往返日期价格
去程无价格；返程无价格,乌兰浩特,乌鲁木齐,乌兰浩特,2026-06-21,2026-07-01,10,,,,18,1,lowestPrice API 未返回完整往返日期价格
去程无价格；返程无价格,乌兰浩特,乌鲁木齐,乌兰浩特,2026-06-22,2026-07-02,10,,,,18,1,lowestPrice API 未返回完整往返日期价格
去程无价格；返程无价格,乌兰浩特,乌鲁木齐,乌兰浩特,2026-06-23,2026-07-03,10,,,,18,1,lowestPrice API 未返回完整往返日期价格
去程无价格；返程无价格,乌兰浩特,乌鲁木齐,乌兰浩特,2026-06-24,2026-07-04,10,,,,18,1,lowestPrice API 未返回完整往返日期价格
去程无价格；返程无价格,乌兰浩特,乌鲁木齐,乌兰浩特,2026-06-25,2026-07-05,10,,,,18,1,lowestPrice API 未返回完整往返日期价格
去程无价格；返程无价格,乌兰浩特,乌鲁木齐,乌兰浩特,2026-06-26,2026-07-06,10,,,,18,1,lowestPrice API 未返回完整往返日期价格
去程无价格；返程无价格,乌兰浩特,乌鲁木齐,乌兰浩特,2026-06-27,2026-07-07,10,,,,18,1,lowestPrice API 未返回完整往返日期价格
去程无价格；返程无价格,乌兰浩特,乌鲁木齐,乌兰浩特,2026-06-28,2026-07-08,10,,,,18,1,lowestPrice API 未返回完整往返日期价格
去程无价格；返程无价格,乌兰浩特,乌鲁木齐,乌兰浩特,2026-06-29,2026-07-09,10,,,,18,1,lowestPrice API 未返回完整往返日期价格
去程无价格；返程无价格,乌兰浩特,乌鲁木齐,乌兰浩特,2026-06-30,2026-07-10,10,,,,18,1,lowestPrice API 未返回完整往返日期价格
去程无价格,满洲里,乌鲁木齐,满洲里,2026-06-01,2026-06-11,10,,,1570,22,27,lowestPrice API 未返回完整往返日期价格
返程无价格,满洲里,乌鲁木齐,满洲里,2026-06-02,2026-06-12,10,,1760,,22,27,lowestPrice API 未返回完整往返日期价格
去程无价格；返程无价格,满洲里,乌鲁木齐,满洲里,2026-06-03,2026-06-13,10,,,,22,27,lowestPrice API 未返回完整往返日期价格
去程无价格,满洲里,乌鲁木齐,满洲里,2026-06-04,2026-06-14,10,,,2130,22,27,lowestPrice API 未返回完整往返日期价格
去程无价格；返程无价格,满洲里,乌鲁木齐,满洲里,2026-06-05,2026-06-15,10,,,,22,27,lowestPrice API 未返回完整往返日期价格
返程无价格,满洲里,乌鲁木齐,满洲里,2026-06-06,2026-06-16,10,,1760,,22,27,lowestPrice API 未返回完整往返日期价格
返程无价格,满洲里,乌鲁木齐,满洲里,2026-06-07,2026-06-17,10,,1600,,22,27,lowestPrice API 未返回完整往返日期价格
去程无价格,满洲里,乌鲁木齐,满洲里,2026-06-09,2026-06-19,10,,,1820,22,27,lowestPrice API 未返回完整往返日期价格
去程无价格,满洲里,乌鲁木齐,满洲里,2026-06-10,2026-06-20,10,,,1770,22,27,lowestPrice API 未返回完整往返日期价格
去程无价格；返程无价格,满洲里,乌鲁木齐,满洲里,2026-06-11,2026-06-21,10,,,,22,27,lowestPrice API 未返回完整往返日期价格
去程无价格,满洲里,乌鲁木齐,满洲里,2026-06-14,2026-06-24,10,,,2100,22,27,lowestPrice API 未返回完整往返日期价格
返程无价格,满洲里,乌鲁木齐,满洲里,2026-06-15,2026-06-25,10,,1720,,22,27,lowestPrice API 未返回完整往返日期价格
返程无价格,满洲里,乌鲁木齐,满洲里,2026-06-16,2026-06-26,10,,2030,,22,27,lowestPrice API 未返回完整往返日期价格
去程无价格；返程无价格,满洲里,乌鲁木齐,满洲里,2026-06-17,2026-06-27,10,,,,22,27,lowestPrice API 未返回完整往返日期价格
去程无价格,满洲里,乌鲁木齐,满洲里,2026-06-19,2026-06-29,10,,,1860,22,27,lowestPrice API 未返回完整往返日期价格
去程无价格,满洲里,乌鲁木齐,满洲里,2026-06-20,2026-06-30,10,,,2170,22,27,lowestPrice API 未返回完整往返日期价格
返程无价格,满洲里,乌鲁木齐,满洲里,2026-06-21,2026-07-01,10,,1780,,22,27,lowestPrice API 未返回完整往返日期价格
去程无价格；返程无价格,满洲里,乌鲁木齐,满洲里,2026-06-22,2026-07-02,10,,,,22,27,lowestPrice API 未返回完整往返日期价格
去程无价格；返程无价格,满洲里,乌鲁木齐,满洲里,2026-06-23,2026-07-03,10,,,,22,27,lowestPrice API 未返回完整往返日期价格
去程无价格；返程无价格,满洲里,乌鲁木齐,满洲里,2026-06-24,2026-07-04,10,,,,22,27,lowestPrice API 未返回完整往返日期价格
返程无价格,满洲里,乌鲁木齐,满洲里,2026-06-25,2026-07-05,10,,1810,,22,27,lowestPrice API 未返回完整往返日期价格
去程无价格；返程无价格,满洲里,乌鲁木齐,满洲里,2026-06-26,2026-07-06,10,,,,22,27,lowestPrice API 未返回完整往返日期价格
去程无价格；返程无价格,满洲里,乌鲁木齐,满洲里,2026-06-27,2026-07-07,10,,,,22,27,lowestPrice API 未返回完整往返日期价格
返程无价格,满洲里,乌鲁木齐,满洲里,2026-06-29,2026-07-09,10,,2180,,22,27,lowestPrice API 未返回完整往返日期价格
去程无价格；返程无价格,满洲里,乌鲁木齐,满洲里,2026-06-30,2026-07-10,10,,,,22,27,lowestPrice API 未返回完整往返日期价格
